<?xml version="1.0" encoding="UTF-8"?><metadata>
<idinfo>
<descript>
<abstract>Data Prepared by Los Angeles Homeless Services AuthorityRevised July 29, 2019Homeless Count 2019 Dashboard MethodologyHomeless Count 2019 Dashboard Methodology Total number of people experiencing homelessness is the sum of (1) the sheltered population (the total number of people staying in emergency shelter, transitional housing, or safe haven programs on the night of the point-in-time count) and (2) the unsheltered population (the total number of people counted by volunteers and the estimated number of people sleeping in the dwellings counted by volunteers).  



(1) The total number of people experiencing homelessness who slept in an emergency shelter, transitional housing, or safe haven program was reported to LAHSA by each provider and assigned to a census tract. For shelter programs with multiple scattered sites in the LA CoC, an administrative address is used for locating the sheltered population in this dashboard. Shelters that serve persons fleeing domestic or intimate partner violence are excluded due to confidentiality concerns. Persons receiving motel vouchers are excluded in this dashboard because the location of the motel is unknown.  



(2) The total number of people experiencing homelessness who slept on the street or in a dwelling not meant for human habitation were counted by volunteers on January 22nd, 23rd, or 24th. 3,873 demographic survey interviews were conducted with persons experiencing unsheltered homelessness from December 2018 to March 2019 to describe the population’s demographics and approximate the number of people in each dwelling. The total persons in uninhabitable dwellings was estimated for each type (car, van, camper/RV, tent, or makeshift shelter) and was estimated at the SPA-level for individual and for family households and can be found on our website. Estimates of the people inside these dwellings was rounded to whole numbers for the purposes of this dashboard.  Please visit our website for further information at www.lahsa.org.</abstract>
<purpose>Results from the 2019 Homeless Count for Los Angeles County by Census Tract</purpose>
</descript>
<keywords>
<theme>
<themekt>None</themekt>
<themekey>hc2019</themekey>
<themekey>lahsa</themekey>
<themekey>Homeless Count</themekey>
<themekey>homeless</themekey>
</theme>
</keywords>
<accconst>None</accconst>
<useconst/>
<datacred>Los Angeles Homeless Services Authority</datacred>
</idinfo>
<metainfo>
<metstdn>FGDC Content Standard for Digital Geospatial Metadata</metstdn>
<metstdv>FGDC-STD-001-1998</metstdv>
<mettc>local time</mettc>
</metainfo>
</metadata>
