<?xml version="1.0" encoding="UTF-8"?><metadata>
<idinfo>
<citation>
<citeinfo>
<title>2018 Maps</title>
<geoform>vector digital data</geoform>
</citeinfo>
</citation>
<descript>
<abstract>The updated Neighborhood Council Boundaries layer includes all 97 original councils and 2 new neighborhood councils subdivided from Westwood neighborhood council and Historic Cultural neighborhood council.Last Updated: 02/16/2019Refresh Rate: As Needed</abstract>
<purpose>Neighborhood Council Boundaries updated to reflect all neighborhood councils within the City of Los Angeles.</purpose>
</descript>
<accconst>None</accconst>
<useconst>This work is licensed under a Creative Commons Attribution 4.0 International License
</useconst>
<native>Version 6.2 (Build 9200) ; Esri ArcGIS 10.5.1.7333</native>
</idinfo>
<spdoinfo>
<direct>Vector</direct>
<ptvctinf>
<sdtsterm>
<sdtstype>GT-polygon composed of chains</sdtstype>
<ptvctcnt>0</ptvctcnt>
</sdtsterm>
</ptvctinf>
</spdoinfo>
<eainfo>
<detailed>
<enttyp>
<enttypl>2018 Maps</enttypl>
</enttyp>
<attr>
<attrlabl>FID</attrlabl>
<attrdef>Internal feature number.</attrdef>
<attrdefs>Esri</attrdefs>
<attrdomv>
					<udom>Sequential unique whole numbers that are automatically generated.</udom>
				</attrdomv>
</attr>
<attr>
<attrlabl>Shape</attrlabl>
<attrdef>Feature geometry.</attrdef>
<attrdefs>Esri</attrdefs>
<attrdomv>
					<udom>Coordinates defining the features.</udom>
				</attrdomv>
</attr>
<attr>
<attrlabl>Name</attrlabl>
</attr>
<attr>
<attrlabl>FolderPath</attrlabl>
</attr>
<attr>
<attrlabl>SymbolID</attrlabl>
</attr>
<attr>
<attrlabl>AltMode</attrlabl>
</attr>
<attr>
<attrlabl>Base</attrlabl>
</attr>
<attr>
<attrlabl>Clamped</attrlabl>
</attr>
<attr>
<attrlabl>Extruded</attrlabl>
</attr>
<attr>
<attrlabl>Snippet</attrlabl>
</attr>
<attr>
<attrlabl>PopupInfo</attrlabl>
</attr>
<attr>
<attrlabl>Shape_Leng</attrlabl>
</attr>
<attr>
<attrlabl>Shape_Area</attrlabl>
<attrdef>Area of feature in internal units squared.</attrdef>
<attrdefs>Esri</attrdefs>
<attrdomv>
					<udom>Positive real numbers that are automatically generated.</udom>
				</attrdomv>
</attr>
</detailed>
</eainfo>
<metainfo>
<metd>20190204</metd>
<metc>
<cntinfo>
<!--no contact person or organization name available-->
</cntinfo>
</metc>
<metstdn>FGDC Content Standard for Digital Geospatial Metadata</metstdn>
<metstdv>FGDC-STD-001-1998</metstdv>
<mettc>local time</mettc>
</metainfo>
</metadata>
