<?xml version="1.0" encoding="UTF-8"?><gmd:MD_Metadata xmlns:xlink="http://www.w3.org/1999/xlink" xmlns:srv="http://www.isotc211.org/2005/srv" xmlns:gts="http://www.isotc211.org/2005/gts" xmlns:gmd="http://www.isotc211.org/2005/gmd" xmlns:gco="http://www.isotc211.org/2005/gco" xmlns:gml="http://www.opengis.net/gml" xmlns:xsi="http://www.w3.org/2001/XMLSchema-instance">
<gmd:characterSet>
<gmd:MD_CharacterSetCode codeList="http://www.isotc211.org/2005/resources/Codelist/gmxCodelists.xml#MD_CharacterSetCode" codeListValue="utf8" codeSpace="ISOTC211/19115">utf8</gmd:MD_CharacterSetCode>
</gmd:characterSet>
<gmd:hierarchyLevel>
<gmd:MD_ScopeCode codeList="http://www.isotc211.org/2005/resources/Codelist/gmxCodelists.xml#MD_ScopeCode" codeListValue="dataset" codeSpace="ISOTC211/19115">dataset</gmd:MD_ScopeCode>
</gmd:hierarchyLevel>
<gmd:hierarchyLevelName>
<gco:CharacterString>dataset</gco:CharacterString>
</gmd:hierarchyLevelName>
<gmd:contact gco:nilReason="missing"/>
<gmd:dateStamp gco:nilReason="missing"/>
<gmd:metadataStandardName>
<gco:CharacterString>ISO 19139 Geographic Information - Metadata - Implementation Specification</gco:CharacterString>
</gmd:metadataStandardName>
<gmd:metadataStandardVersion>
<gco:CharacterString>2007</gco:CharacterString>
</gmd:metadataStandardVersion>
<gmd:identificationInfo>
<gmd:MD_DataIdentification>
<gmd:citation gco:nilReason="missing"/>
<gmd:abstract>
<gco:CharacterString>The Walkability Index is a quantitative tool used to measure the pedestrian environment within a geographic area. The Walkability Index is based on a model developed for King County, Washington and Baltimore, Maryland (see reference paper at http://sallis.ucsd.edu/Documents/Pubs_documents/NQLS_Frank%20et%20al%20published%20walkability%20paper.pdf). It includes four components: land use mix, residential density, retail density, and intersection density. Higher scores represent more walkable areas. This data shows the Walkability Index score for each census tract in Los Angeles. Tracts in the Central City, Westlake, Hollywood, and Venice Community Plan Areas have the highest relative Index scores.Use field &amp;quot;Walkabil_1&amp;quot; to project scores and correct features for legend. To learn more about this Index, please review the complete Health Atlas for the City of Los Angeles (pp. 85-86 and 91) or Chapter 7: Land Use of the Health Atlas, both available for download at http://healthyplan.la/the-health-atlas/.Produced by Raimi + Associates for the City of Los Angeles and Los Angeles County. Made possible with funding from the Centers for Disease Control and Prevention through the Los Angeles County Department of Public Health and The California Endowment, May 2013.</gco:CharacterString>
</gmd:abstract>
<gmd:purpose>
<gco:CharacterString>Walkability Index Score 2012</gco:CharacterString>
</gmd:purpose>
<gmd:credit>
<gco:CharacterString>Los Angeles County Department of Public Health, Raimi + Associates, City of Los Angeles Planning Department</gco:CharacterString>
</gmd:credit>
<gmd:descriptiveKeywords>
<gmd:MD_Keywords>
<gmd:keyword>
<gco:CharacterString>Health</gco:CharacterString>
</gmd:keyword>
<gmd:keyword>
<gco:CharacterString>Walkability Index</gco:CharacterString>
</gmd:keyword>
<gmd:keyword>
<gco:CharacterString>Plan for a Healthy LA</gco:CharacterString>
</gmd:keyword>
<gmd:keyword>
<gco:CharacterString>Vision Zero</gco:CharacterString>
</gmd:keyword>
<gmd:keyword>
<gco:CharacterString>Census</gco:CharacterString>
</gmd:keyword>
</gmd:MD_Keywords>
</gmd:descriptiveKeywords>
<gmd:descriptiveKeywords>
<gmd:MD_Keywords>
<gmd:keyword>
<gco:CharacterString>Health</gco:CharacterString>
</gmd:keyword>
<gmd:keyword>
<gco:CharacterString>Walkability Index</gco:CharacterString>
</gmd:keyword>
<gmd:keyword>
<gco:CharacterString>Plan for a Healthy LA</gco:CharacterString>
</gmd:keyword>
<gmd:keyword>
<gco:CharacterString>Vision Zero</gco:CharacterString>
</gmd:keyword>
<gmd:keyword>
<gco:CharacterString>Census</gco:CharacterString>
</gmd:keyword>
</gmd:MD_Keywords>
</gmd:descriptiveKeywords>
<gmd:descriptiveKeywords>
<gmd:MD_Keywords>
<gmd:keyword>
<gco:CharacterString>Health</gco:CharacterString>
</gmd:keyword>
<gmd:keyword>
<gco:CharacterString>Walkability Index</gco:CharacterString>
</gmd:keyword>
<gmd:keyword>
<gco:CharacterString>Plan for a Healthy LA</gco:CharacterString>
</gmd:keyword>
<gmd:keyword>
<gco:CharacterString>Vision Zero</gco:CharacterString>
</gmd:keyword>
<gmd:keyword>
<gco:CharacterString>Census</gco:CharacterString>
</gmd:keyword>
</gmd:MD_Keywords>
</gmd:descriptiveKeywords>
<gmd:descriptiveKeywords>
<gmd:MD_Keywords>
<gmd:keyword>
<gco:CharacterString>Health</gco:CharacterString>
</gmd:keyword>
<gmd:keyword>
<gco:CharacterString>Walkability Index</gco:CharacterString>
</gmd:keyword>
<gmd:keyword>
<gco:CharacterString>Plan for a Healthy LA</gco:CharacterString>
</gmd:keyword>
<gmd:keyword>
<gco:CharacterString>Vision Zero</gco:CharacterString>
</gmd:keyword>
<gmd:keyword>
<gco:CharacterString>Census</gco:CharacterString>
</gmd:keyword>
</gmd:MD_Keywords>
</gmd:descriptiveKeywords>
<gmd:descriptiveKeywords>
<gmd:MD_Keywords>
<gmd:keyword>
<gco:CharacterString>Health</gco:CharacterString>
</gmd:keyword>
<gmd:keyword>
<gco:CharacterString>Walkability Index</gco:CharacterString>
</gmd:keyword>
<gmd:keyword>
<gco:CharacterString>Plan for a Healthy LA</gco:CharacterString>
</gmd:keyword>
<gmd:keyword>
<gco:CharacterString>Vision Zero</gco:CharacterString>
</gmd:keyword>
<gmd:keyword>
<gco:CharacterString>Census</gco:CharacterString>
</gmd:keyword>
</gmd:MD_Keywords>
</gmd:descriptiveKeywords>
<gmd:resourceConstraints>
<gmd:MD_Constraints>
<gmd:useLimitation>
<gco:CharacterString>Liability Disclaimer:  Your use of estimates, data, and features from the Walkability Index Score signifies agreement that the Walkability Index Score and the City of Los Angeles shall not be liable for any activity involving these data, estimates, or features of them for any purpose.</gco:CharacterString>
</gmd:useLimitation>
</gmd:MD_Constraints>
</gmd:resourceConstraints>
<gmd:language gco:nilReason="missing"/>
<gmd:characterSet>
<gmd:MD_CharacterSetCode codeList="http://www.isotc211.org/2005/resources/Codelist/gmxCodelists.xml#MD_CharacterSetCode" codeListValue="utf8" codeSpace="ISOTC211/19115">utf8</gmd:MD_CharacterSetCode>
</gmd:characterSet>
</gmd:MD_DataIdentification>
</gmd:identificationInfo>
</gmd:MD_Metadata>
