<?xml version="1.0" encoding="UTF-8"?><gmd:MD_Metadata xmlns:xlink="http://www.w3.org/1999/xlink" xmlns:srv="http://www.isotc211.org/2005/srv" xmlns:gts="http://www.isotc211.org/2005/gts" xmlns:gmd="http://www.isotc211.org/2005/gmd" xmlns:gco="http://www.isotc211.org/2005/gco" xmlns:gml="http://www.opengis.net/gml" xmlns:xsi="http://www.w3.org/2001/XMLSchema-instance">
<gmd:characterSet>
<gmd:MD_CharacterSetCode codeList="http://www.isotc211.org/2005/resources/Codelist/gmxCodelists.xml#MD_CharacterSetCode" codeListValue="utf8" codeSpace="ISOTC211/19115">utf8</gmd:MD_CharacterSetCode>
</gmd:characterSet>
<gmd:hierarchyLevel>
<gmd:MD_ScopeCode codeList="http://www.isotc211.org/2005/resources/Codelist/gmxCodelists.xml#MD_ScopeCode" codeListValue="dataset" codeSpace="ISOTC211/19115">dataset</gmd:MD_ScopeCode>
</gmd:hierarchyLevel>
<gmd:hierarchyLevelName>
<gco:CharacterString>dataset</gco:CharacterString>
</gmd:hierarchyLevelName>
<gmd:contact gco:nilReason="missing"/>
<gmd:dateStamp gco:nilReason="missing"/>
<gmd:metadataStandardName>
<gco:CharacterString>ISO 19139 Geographic Information - Metadata - Implementation Specification</gco:CharacterString>
</gmd:metadataStandardName>
<gmd:metadataStandardVersion>
<gco:CharacterString>2007</gco:CharacterString>
</gmd:metadataStandardVersion>
<gmd:identificationInfo>
<gmd:MD_DataIdentification>
<gmd:citation gco:nilReason="missing"/>
<gmd:abstract>
<gco:CharacterString>Adults ages 18+ who walked for transportation or leisure for at least 150 minutes in the past week. Years covered are 2011 to 2012 by zip code. Data taken from the California Health Interview Survey Neighborhood Edition (AskCHIS NE) (http://askchisne.ucla.edu/), downloaded January 2016.&amp;quot;Field&amp;quot;  = &amp;quot;Definition&amp;quot;&amp;quot;ZIPCODE&amp;quot; = postal zip code in LA County &amp;quot;Zip_code&amp;quot; = postal zip code in LA County &amp;quot;PAdPhysAct&amp;quot;  =  fraction of projected 18 and older population walking more than or equal to 150 minutes per week residing in Zip Code&amp;quot;PAdPhysAct2&amp;quot; = percentage of projected 18 and older population walking more than or equal to 150 minutes per week residing in Zip Code&amp;quot;NAdPhysAct&amp;quot;  = number of projected 18 and older population walking more than or equal to 150 minutes per week residing in Zip Code&amp;quot;Pop_18olde&amp;quot; = projected 18 and older population total residing in Zip CodeHealth estimates available in AskCHIS NE (Neighborhood Edition) are model-based small area estimates (SAEs).SAEs are not direct estimates (estimates produced directly from survey data, such as those provided through AskCHIS).CHIS data and analytic results are used extensively in California in policy development, service planning and research, and is recognized and valued nationally as a model population-based health surveyFAQ: 1. Which cycle of CHIS does AskCHIS Neighborhood Edition provide estimates for?All health estimates in this version of AskCHIS Neighborhood Edition are based on data from the 2011- 2012 California Health Interview Survey. Socio-demographic indicators come from the 2008-2012 American Community Survey (ACS) 5-year summary tables. 2. Why do your population estimates differ from other sources like ACS? The population estimates in AskCHIS NE represent the CHIS 2011-2012 population sample, which excludes Californians living in group quarters (such as prisons, nursing homes, and dormitories). 3. Why isnt there data available for all ZIP codes / cities in Los Angeles?While AskCHIS NE has data on all ZCTAs (Zip Code Tabulation Areas), two factors may influence our ability to display the estimates:A small population (under 15,000): currently, the application only shows estimates for geographic entities with populations above 15,000. If your ZCTA has a population below this threshold, the easiest way to obtain data is to combine it with a neighboring ZCTA and obtain a pooled estimate. A high coefficient of variation: high coefficients of variation denote statistical instability.</gco:CharacterString>
</gmd:abstract>
<gmd:purpose>
<gco:CharacterString>Physical activity walking more than or equal to 150 minutes per week (by zip code)</gco:CharacterString>
</gmd:purpose>
<gmd:credit>
<gco:CharacterString>Los Angeles County Department of Public Health, The California Health Interview Survey and the UCLA Center for Health Policy Research</gco:CharacterString>
</gmd:credit>
<gmd:descriptiveKeywords>
<gmd:MD_Keywords>
<gmd:keyword>
<gco:CharacterString>Health</gco:CharacterString>
</gmd:keyword>
<gmd:keyword>
<gco:CharacterString>Vision Zero</gco:CharacterString>
</gmd:keyword>
<gmd:keyword>
<gco:CharacterString>Physical Activity</gco:CharacterString>
</gmd:keyword>
<gmd:keyword>
<gco:CharacterString>Walkability</gco:CharacterString>
</gmd:keyword>
<gmd:keyword>
<gco:CharacterString>Zip Code</gco:CharacterString>
</gmd:keyword>
</gmd:MD_Keywords>
</gmd:descriptiveKeywords>
<gmd:descriptiveKeywords>
<gmd:MD_Keywords>
<gmd:keyword>
<gco:CharacterString>Health</gco:CharacterString>
</gmd:keyword>
<gmd:keyword>
<gco:CharacterString>Vision Zero</gco:CharacterString>
</gmd:keyword>
<gmd:keyword>
<gco:CharacterString>Physical Activity</gco:CharacterString>
</gmd:keyword>
<gmd:keyword>
<gco:CharacterString>Walkability</gco:CharacterString>
</gmd:keyword>
<gmd:keyword>
<gco:CharacterString>Zip Code</gco:CharacterString>
</gmd:keyword>
</gmd:MD_Keywords>
</gmd:descriptiveKeywords>
<gmd:descriptiveKeywords>
<gmd:MD_Keywords>
<gmd:keyword>
<gco:CharacterString>Health</gco:CharacterString>
</gmd:keyword>
<gmd:keyword>
<gco:CharacterString>Vision Zero</gco:CharacterString>
</gmd:keyword>
<gmd:keyword>
<gco:CharacterString>Physical Activity</gco:CharacterString>
</gmd:keyword>
<gmd:keyword>
<gco:CharacterString>Walkability</gco:CharacterString>
</gmd:keyword>
<gmd:keyword>
<gco:CharacterString>Zip Code</gco:CharacterString>
</gmd:keyword>
</gmd:MD_Keywords>
</gmd:descriptiveKeywords>
<gmd:descriptiveKeywords>
<gmd:MD_Keywords>
<gmd:keyword>
<gco:CharacterString>Health</gco:CharacterString>
</gmd:keyword>
<gmd:keyword>
<gco:CharacterString>Vision Zero</gco:CharacterString>
</gmd:keyword>
<gmd:keyword>
<gco:CharacterString>Physical Activity</gco:CharacterString>
</gmd:keyword>
<gmd:keyword>
<gco:CharacterString>Walkability</gco:CharacterString>
</gmd:keyword>
<gmd:keyword>
<gco:CharacterString>Zip Code</gco:CharacterString>
</gmd:keyword>
</gmd:MD_Keywords>
</gmd:descriptiveKeywords>
<gmd:descriptiveKeywords>
<gmd:MD_Keywords>
<gmd:keyword>
<gco:CharacterString>Health</gco:CharacterString>
</gmd:keyword>
<gmd:keyword>
<gco:CharacterString>Vision Zero</gco:CharacterString>
</gmd:keyword>
<gmd:keyword>
<gco:CharacterString>Physical Activity</gco:CharacterString>
</gmd:keyword>
<gmd:keyword>
<gco:CharacterString>Walkability</gco:CharacterString>
</gmd:keyword>
<gmd:keyword>
<gco:CharacterString>Zip Code</gco:CharacterString>
</gmd:keyword>
</gmd:MD_Keywords>
</gmd:descriptiveKeywords>
<gmd:resourceConstraints>
<gmd:MD_Constraints>
<gmd:useLimitation>
<gco:CharacterString>Liability Disclaimer: Your use of estimates, data, and features from AskCHIS Neighborhood Edition signifies agreement that the Regents of the University of California, UCLA, the UCLA Center for Health Policy Research, and The California Health Interview Survey, shall not be liable for any activity involving these data, estimates, or features of them for any purpose.</gco:CharacterString>
</gmd:useLimitation>
</gmd:MD_Constraints>
</gmd:resourceConstraints>
<gmd:language gco:nilReason="missing"/>
<gmd:characterSet>
<gmd:MD_CharacterSetCode codeList="http://www.isotc211.org/2005/resources/Codelist/gmxCodelists.xml#MD_CharacterSetCode" codeListValue="utf8" codeSpace="ISOTC211/19115">utf8</gmd:MD_CharacterSetCode>
</gmd:characterSet>
</gmd:MD_DataIdentification>
</gmd:identificationInfo>
</gmd:MD_Metadata>
