FID,Tract,SPA,SD,CD,totUnshelt,totSheltPe,totPeople,Shape__Area,Shape__Length
1,980024,2,3,6,253.647,0,253.647,12137174.2460938,17069.4218433301
2,980026,2,5,7,0,0,0,20396583.6328125,37922.3517689101
3,101110,2,5,7,1,0,1,1676522.890625,5565.41135694779
4,980028,5,4,11,36.004,0,36.004,25280562.5820313,30401.19946
5,101122,2,5,7,0,0,0,3880996.3046875,11695.3042931576
6,980031,8,4,15,10.474,0,10.474,8904029.33984375,42059.1133330375
7,101210,2,5,7,5.095,0,5.095,954767.578125,4453.10170406707
8,101220,2,5,7,34,0,34,1025573.92578125,4688.1769173899
9,101300,2,5,7,20.108,0,20.108,3785887.23046875,10858.2753024641
10,101400,2,5,7,11.995,0,11.995,9255377.47265625,15739.7282605095
11,102103,2,5,2,8.093,0,8.093,1739784.953125,6029.10085005839
12,102104,2,5,2,0,0,0,2433715.578125,10171.245042493
13,102105,2,5,2,9.802,0,9.802,721516.50390625,3671.8133724617
14,102107,2,5,7,4.616,0,4.616,18955574.7773438,23492.9186760341
15,103101,2,5,7,6.781,0,6.781,2979795.125,9383.13577993172
16,103102,2,5,7,12.4,0,12.4,1821420.59375,6100.1629121095
17,103200,2,5,7,55.271,0,55.271,10887869.9765625,19467.7977821276
18,103300,2,5,7,14.775,0,14.775,9013237.42578125,13780.6462507139
19,103400,2,5,7,17.795,0,17.795,3669558.77734375,9221.54164939018
20,104103,2,3,7,33.106,0,33.106,1393607.99609375,4886.68426893879
21,104105,2,3,7,6.781,8,14.781,858372.1640625,4298.39553656417
22,104108,2,3,7,6.116,0,6.116,1609944.8828125,7002.32622622249
23,104124,2,3,7,0,0,0,6580440.21875,14632.9178320479
24,104201,2,3,7,24.114,0,24.114,1600788.3828125,5470.88632124861
25,104203,2,3,7,1.591,0,1.591,1039433.62109375,4082.24995239521
26,104204,2,3,7,16.569,0,16.569,3916346.4921875,11176.9949488311
27,104310,2,3,7,5.781,0,5.781,2214855.078125,7054.24648399188
28,104320,2,3,7,2.591,0,2.591,1779471.45703125,5394.83669459881
29,104401,2,3,7,1.926,0,1.926,999745.44921875,4589.25134630639
30,104403,2,3,7,20.465,0,20.465,1022519.87890625,5936.21618063527
31,104404,2,3,7,13.795,0,13.795,791998.21484375,4037.76168905708
32,104500,2,3,7,1.926,21,22.926,779197.6875,4173.33528534315
33,104610,2,3,7,3.095,0,3.095,869006.79296875,4283.90744110029
34,104620,2,3,7,19.28,0,19.28,779486.5859375,4173.36868580479
35,104701,2,3,7,1.808,0,1.808,808054.89453125,4097.84094800109
36,104703,2,3,7,61.689,0,61.689,1716634.24609375,5673.51162950635
37,104704,2,3,7,9,0,9,2440198.9375,6267.32396923676
38,104810,2,3,7,0,0,0,1648219.4296875,5258.80535704962
39,104821,2,3,7,2.926,0,2.926,780206.05078125,4173.47143956813
40,104822,2,3,7,25.738,0,25.738,893010.16796875,5103.55752763027
41,106010,2,5,7,0,0,0,3705415.140625,8856.33344949611
42,106020,2,3,7,43.392,0,43.392,2965936.890625,8581.93663506648
43,106111,2,3,7,2.095,0,2.095,5624355.84765625,13051.1532658142
44,106112,2,3,7,12.781,170,182.781,4741841.3671875,18391.1603257844
45,106113,2,3,7,49.881,0,49.881,2112895.8046875,7284.00937945404
46,106114,2,3,7,22.036,0,22.036,1490390.16015625,6355.68889103557
47,106403,2,3,7,4,0,4,1624379.1171875,5283.37593359974
48,106405,2,3,7,3.095,0,3.095,1719491.77734375,5354.83823216673
49,106406,2,3,7,9.379,0,9.379,3064695.6875,7906.72882034894
50,106407,2,3,7,0,0,0,341065.5859375,2348.34120850954
51,106408,2,3,7,2,0,2,336380.09375,2326.26828496577
52,106510,2,3,7,12.282,0,12.282,8424950.9609375,13709.206998602
53,106520,2,3,7,44.462,0,44.462,3241010.3828125,7307.76988793228
54,106603,2,5,12,0,0,0,22482774.1953125,22789.5540635052
55,106604,2,3,7,14.673,0,14.673,3838623.76953125,9716.21473904403
56,106641,2,5,12,0,0,0,1667911.5078125,7051.5825916562
57,106642,2,5,12,4.19,0,4.19,2316654.25390625,7528.67661814255
58,106643,2,5,12,2.095,0,2.095,6362894.44921875,12126.4785014725
59,106645,2,5,12,0,0,0,3712567.93359375,11169.1681052747
60,106646,2,5,12,2.703,0,2.703,2167441.59765625,8662.07658626035
61,106648,2,3,7,0,0,0,1164574.09765625,5043.83891361724
62,106649,2,3,7,0,0,0,1628253.5625,7660.1169325222
63,107010,2,3,7,3.591,0,3.591,1005805.859375,4792.95972459359
64,107020,2,3,7,1.591,0,1.591,1461213.0546875,5418.89403563728
65,108101,2,5,12,0,0,0,1657089.51171875,5417.49995995694
66,108102,2,5,12,0,0,0,3206417.93359375,7003.11392464121
67,108103,2,5,12,0,0,0,3764983.0546875,13551.4179389657
68,108104,2,5,12,0,0,0,1213212.1015625,5450.28251792441
69,108201,2,5,12,4.686,0,4.686,4119277.9140625,11247.3446548112
70,108202,2,5,12,0,0,0,8810781.8125,13459.0130740621
71,109100,2,3,7,35.436,0,35.436,3975092.82421875,9733.62029528849
72,109200,2,3,12,0,0,0,1751685.640625,5544.07273546228
73,109300,2,3,12,55.287,0,55.287,1810110.8671875,6460.00683967738
74,109400,2,3,7,24.81,0,24.81,1895925.625,6477.25757642512
75,109500,2,3,7,81.167,0,81.167,1752409.51171875,7603.12309192852
76,109601,2,3,7,4.021,0,4.021,3298769.47265625,7415.86321041974
77,109603,2,3,7,50.078,0,50.078,1465712.13671875,4954.25287726488
78,109604,2,3,7,34.066,0,34.066,1724263.29296875,5300.09492886341
79,109700,2,3,12,13.202,0,13.202,2328918.73828125,6623.21092125495
80,109800,2,3,12,5.102,0,5.102,2053412.4453125,6116.75332961481
81,111100,2,5,12,0,0,0,1554810.80078125,5005.30560989297
82,111201,2,5,12,1.703,0,1.703,2808145.22265625,9293.31713759591
83,111202,2,5,12,4.181,0,4.181,2740025.4609375,7658.18018331912
84,111204,2,5,12,2.591,0,2.591,4859737.37109375,9582.18296304071
85,111205,2,5,12,1.591,0,1.591,1700728.12890625,5430.26025562949
86,111206,2,5,12,0,0,0,3849723.0234375,8909.01786310349
87,111301,2,5,12,10.532,0,10.532,2937170.4296875,7891.7652492322
88,111302,2,5,12,0,0,0,2278502.203125,6582.45294045398
89,111400,2,5,12,2,0,2,2659125.546875,6698.83270059455
90,113101,2,5,12,3.095,0,3.095,3324379.37890625,7842.03331655942
91,113102,2,5,12,14.664,0,14.664,5392276.3515625,9234.90320606838
92,113211,2,5,12,0,0,0,10689156.734375,13973.1505324069
93,113212,2,5,12,0,0,0,1467326.96484375,5216.89523218177
94,113213,2,5,12,13.368,0,13.368,1908790.265625,6217.20862834495
95,113231,2,5,12,11.56,0,11.56,6071077.28515625,15812.0865505977
96,113232,2,5,12,6.285,0,6.285,3029270.484375,8711.53861559579
97,113233,2,5,3,4.851,0,4.851,1677488.1953125,6170.46193627954
98,113234,2,3,3,8.093,0,8.093,1500015.06640625,6202.15449299202
99,113235,2,5,3,0,0,0,2088426.15625,10684.983868463
100,113237,2,5,12,46.734,180,226.734,6964292.76953125,13460.0150846703
101,113301,2,5,12,14.791,0,14.791,3329541.64453125,8382.95664313134
102,113303,2,5,12,50.502,11,61.502,5986629.15234375,11453.4293721026
103,113321,2,5,12,14.16,0,14.16,1538297.9921875,5043.26610401718
104,113322,2,5,12,10.187,0,10.187,2621427.2578125,7420.97648033011
105,113401,2,3,12,9.19,0,9.19,3595407.82421875,7641.63906294536
106,113421,2,3,3,35.109,0,35.109,3234371.09375,7986.4190920403
107,113422,2,3,3,0,0,0,2243075.6640625,6710.84154574156
108,115101,2,3,12,5,0,5,5694869.890625,9751.34047418245
109,115103,2,5,12,0,0,0,2232295.19140625,8237.87575241072
110,115104,2,3,12,12.361,0,12.361,1496387.515625,7504.97767365651
111,115201,2,3,12,3.095,0,3.095,2013502.796875,6714.81383684808
112,115202,2,3,12,25.674,97,122.674,2553969.953125,6921.24928151274
113,115301,2,3,12,0,0,0,2407621.36328125,8079.93713272583
114,115302,2,3,12,16.898,0,16.898,1228562.4765625,4640.02761684398
115,115401,2,3,12,1,0,1,2793613.60546875,7533.95510370495
116,115403,2,3,12,10.379,0,10.379,1031927.6171875,4102.22457363421
117,115404,2,3,12,2.095,0,2.095,1397885.68359375,4803.56434066358
118,117101,2,3,7,16.274,0,16.274,1143388.890625,4318.49617532103
119,117102,2,3,7,12.327,0,12.327,1523943.21484375,5065.19804288064
120,117201,2,3,7,7.034,0,7.034,1158531.31640625,5057.4865881803
121,117202,2,3,12,5,0,5,2663680.6328125,6680.77177693626
122,117301,2,3,12,0,0,0,1953829.97265625,5977.99040917293
123,117302,2,3,12,0,0,0,3009626.04296875,9682.6026135225
124,117303,2,3,12,49.22,0,49.22,2640467.98046875,6686.21331629347
125,117404,2,3,12,34.102,0,34.102,2589290.57421875,6536.27456003384
126,117405,2,3,7,2,0,2,296022.04296875,2193.37544585555
127,117407,2,3,6,9,0,9,290861.5546875,2175.00683768581
128,117408,2,3,6,57.393,0,57.393,552089.8671875,3045.49447587973
129,117510,2,3,7,14.946,0,14.946,491493.01171875,3017.47838154117
130,117520,2,3,6,20.289,15,35.289,477682.25390625,2866.77857960696
131,117530,2,3,6,70.839,0,70.839,816569.33984375,3672.6055755532
132,119001,2,3,6,3.686,0,3.686,1564325.515625,5135.34226965082
133,119002,2,3,6,19.422,0,19.422,2485031.2734375,7951.8486083607
134,119201,2,3,6,16.211,0,16.211,1396923.8125,4781.39040720942
135,119202,2,3,6,2.095,0,2.095,1421890.90234375,6223.83950322344
136,119310,2,3,6,1.591,0,1.591,629191.9375,3709.01503097782
137,119320,2,3,6,3.181,0,3.181,728456.44921875,3453.44484389566
138,119340,2,3,6,1.591,0,1.591,179150.23046875,1710.52743485433
139,119341,2,3,6,7.829,0,7.829,478737.0390625,3083.98905942842
140,119342,2,3,6,0,0,0,321366.09375,2252.70479372709
141,119400,2,3,6,0,0,0,1645182.8359375,5229.3239613478
142,119700,2,3,6,9.116,0,9.116,1921250.0390625,7506.86233427137
143,119800,2,3,6,20.212,0,20.212,1821688.29296875,5514.11244289863
144,119900,2,3,6,9.802,0,9.802,1543021.4296875,5409.37124371356
145,120010,2,3,6,7.276,0,7.276,829231.59375,3778.02584506816
146,120020,2,3,6,17.712,154,171.712,809467.5078125,5996.07310331942
147,120030,2,3,6,20.165,0,20.165,525741.08203125,2922.38020216778
148,120103,2,3,6,5.294,0,5.294,203097.71484375,2081.70838850082
149,120104,2,3,6,23.159,0,23.159,665543.54296875,3755.10824208302
150,120105,2,3,6,6.116,0,6.116,807911.87109375,5816.53572163131
151,120106,2,3,6,2.095,0,2.095,302478.58984375,2240.20125616657
152,120107,2,3,6,7,0,7,303955.953125,2241.4816154982
153,120108,2,3,6,19.513,0,19.513,567469.64453125,3120.67886614218
154,120300,2,3,6,12.718,0,12.718,2519582.43359375,6837.64583348401
155,120400,2,3,6,5.777,0,5.777,1562656.37109375,6407.81027575319
156,121010,2,3,6,35.117,0,35.117,2975388.47265625,7201.8019146439
157,121020,2,3,2,0,0,0,1208810.26953125,4845.82933203079
158,121101,2,5,6,11.967,0,11.967,692498.54296875,3959.83119717852
159,121102,2,3,6,57.58,0,57.58,11061295.078125,13898.206793953
160,121210,2,3,6,25.138,0,25.138,2985006.91796875,6803.02916580686
161,121221,2,3,6,9.684,0,9.684,736421.03125,4061.060370746
162,121222,2,3,6,28.477,0,28.477,1963885.83984375,6733.71077716248
163,121600,2,3,2,5,0,5,1670035.73828125,6038.36263620042
164,121801,2,3,6,2,0,2,711959.1796875,3897.21653785578
165,121802,2,3,6,41.444,107,148.444,1393331.3828125,5503.32574631169
166,121900,2,3,6,29.957,176,205.957,2471696.875,7417.36319793956
167,122000,2,3,2,38.379,0,38.379,4796158.1484375,11270.6591105608
168,122120,2,3,6,16.187,0,16.187,1055163.66015625,4927.90881703533
169,122121,2,3,2,0,0,0,603923.68359375,4426.43756036945
170,122122,2,3,6,97.874,56,153.874,1513762.08984375,5655.88376361791
171,122200,2,5,2,23.61,0,23.61,2497887.75390625,7165.78015334861
172,122410,2,3,2,13.655,0,13.655,1036209.984375,4103.15667478586
173,122420,2,3,2,17,0,17,1264416.17578125,4572.55389174402
174,123010,2,3,2,26.966,0,26.966,1488814.09375,5034.67567361787
175,123020,2,3,2,26.086,0,26.086,829045.453125,3643.8241541754
176,123103,2,3,2,41.736,0,41.736,1322277.9609375,4965.48573054239
177,123104,2,3,2,6.19,0,6.19,1145101.421875,4255.28554950668
178,123203,2,3,2,10.562,0,10.562,861056.05078125,4708.68315885882
179,123204,2,3,2,16.565,12,28.565,475054.453125,2926.71117348834
180,123205,2,3,2,17.964,0,17.964,1110303.62890625,4256.15387166993
181,123206,2,3,2,17.654,0,17.654,883332.01171875,3789.11278686003
182,123301,2,3,2,49.443,0,49.443,1910447.6328125,6532.06643524671
183,123303,2,3,2,16.09,0,16.09,928188.8359375,4814.27317576813
184,123304,2,3,2,41.369,0,41.369,1288182.37890625,4957.76943844473
185,123410,2,3,2,9.781,0,9.781,728482.69921875,3506.37883598823
186,123420,2,3,2,6.659,0,6.659,1152758.22265625,5438.72472374176
187,123510,2,3,2,16.574,0,16.574,1170006.33984375,4530.14381938457
188,123520,2,3,2,7.589,0,7.589,748422.88671875,4606.28771970931
189,123601,2,3,2,34.187,0,34.187,2244644.89453125,6757.81468331869
190,123602,2,3,2,1,0,1,1358998.6484375,5238.36118939035
191,123700,2,3,2,3.591,0,3.591,1395176.54296875,4836.78876929191
192,123800,2,3,2,47.376,16,63.376,1888926.37890625,6444.81623021229
193,123901,2,3,2,17.781,0,17.781,1892304.5078125,5545.772787509
194,123902,2,3,2,30.658,0,30.658,973134.54296875,4315.58657118437
195,124000,2,3,2,9.42,0,9.42,1976781.98828125,6155.17531921938
196,124102,2,3,2,8.484,0,8.484,950884.70703125,3900.29276452031
197,124103,2,3,2,4.903,0,4.903,474619.21875,2920.53854091597
198,124104,2,3,2,13.979,0,13.979,475299.72265625,2922.3110002271
199,124105,2,3,2,6.095,0,6.095,475387.046875,2922.88986543548
200,124201,2,3,2,9.093,0,9.093,1424817.3984375,4875.6759963089
201,124203,2,3,2,3.616,0,3.616,474948.7734375,2922.05230035119
202,124204,2,3,2,6.998,0,6.998,475041.41015625,2921.24448998952
203,124300,2,3,2,9.876,0,9.876,1305009.2265625,4631.86947610395
204,124400,2,3,2,15.073,0,15.073,1428858.9296875,4869.71456528594
205,124500,2,3,2,0,0,0,1183221.39453125,5184.92241165477
206,124600,2,3,4,4.851,0,4.851,1639929.74609375,5274.20224301
207,124700,2,3,4,15.623,0,15.623,1994124.6328125,6584.05880715643
208,124902,2,3,2,5.724,0,5.724,495848.0546875,2971.83399481404
209,124903,2,3,2,3.926,0,3.926,455999.421875,2879.17980522415
210,125100,2,3,2,4.926,0,4.926,1901617.14453125,5854.13109951839
211,125200,2,3,2,89.038,0,89.038,1909052.09765625,5854.57632140797
212,125310,2,3,2,32.241,0,32.241,1543217.5703125,7097.07102865427
213,125320,2,3,2,46.438,0,46.438,926152.93359375,4840.40242592813
214,125401,2,3,2,11.494,0,11.494,582434.03515625,3729.74523795281
215,125402,2,3,2,8.554,0,8.554,1019378.1015625,4089.25847814754
216,125501,2,3,2,19.535,0,19.535,679524.1875,3402.30909653105
217,125502,2,3,2,1.808,0,1.808,765468.203125,3548.87437570401
218,125600,2,3,4,7.232,0,7.232,1497166.0625,5458.598446712
219,127102,2,3,2,3.926,0,3.926,1259383.91015625,4540.47538255219
220,127103,2,3,2,30.181,0,30.181,419241.03125,2784.63151569645
221,127104,2,3,2,0,0,0,1037435.375,4159.67491253713
222,127210,2,3,6,29.768,0,29.768,2259379.83203125,7256.47001318428
223,127220,2,3,6,22.026,0,22.026,956927.5859375,3910.82757235157
224,127300,2,3,6,50.995,0,50.995,1547135.6015625,5562.43216214939
225,127400,2,3,6,35.221,0,35.221,3203455.66796875,9274.83785477799
226,127520,2,3,6,51.731,0,51.731,533254.37109375,2948.41904082969
227,127603,2,3,6,0,0,0,634455.671875,3594.65297243391
228,127604,2,3,6,1,0,1,637988.87109375,3644.92282137916
229,127605,2,3,6,30.155,0,30.155,950323.39453125,3899.34301110777
230,127606,2,3,6,18.854,0,18.854,800223.92578125,3595.86056980063
231,127711,2,3,6,9.797,0,9.797,1384761.703125,4996.2506181055
232,127712,2,3,6,0,0,0,831801.390625,3620.25408175388
233,127803,2,3,6,21.622,0,21.622,939136.1328125,3882.36048474934
234,127804,2,3,6,0,0,0,935156.625,3868.21519765104
235,127805,2,3,6,2.926,0,2.926,900370.90234375,4865.35497425138
236,127806,2,3,6,33.906,0,33.906,1000926.234375,4968.58079028214
237,127910,2,3,6,9.629,0,9.629,952207.41796875,3904.00586593732
238,127920,2,3,2,0,0,0,950628.60546875,3899.89140008381
239,128101,2,3,2,4.19,0,4.19,950731.109375,3900.12671223832
240,128102,2,3,2,14.686,0,14.686,950604.640625,3900.10354955297
241,128210,2,3,6,47.017,55,102.017,805645.47265625,3601.65912742801
242,128220,2,3,2,0,0,0,813886.796875,3703.63629391793
243,128302,2,3,6,11.785,0,11.785,1009160.5078125,4585.62840928106
244,128303,2,3,6,8.724,15,23.724,606386.1171875,3602.17224523767
245,128400,2,3,4,62.662,0,62.662,2527893.3125,8322.68455718968
246,128500,2,3,4,2.703,0,2.703,1426087.62109375,4880.33339935231
247,128601,2,3,4,25.398,0,25.398,998781.921875,5099.71054207932
248,128602,2,3,4,2,0,2,1661237.02734375,5362.01577080885
249,128702,2,3,4,0,0,0,2431685.8671875,6275.65716912635
250,128801,2,3,4,1,0,1,720658.91015625,3490.80764844851
251,128802,2,3,4,1.808,0,1.808,1422152.4765625,4875.48856992561
252,128910,2,3,4,13.392,0,13.392,1957153.2109375,6407.3455748483
253,131010,2,3,12,3.095,0,3.095,1563768.515625,5380.00987309976
254,131020,2,3,3,9.684,0,9.684,2117542.625,6505.67165948053
255,131100,2,3,6,3,0,3,1615293.71484375,5236.03751833911
256,131200,2,3,12,0,0,0,1654264.0703125,5347.69864428419
257,131300,2,3,12,3.517,0,3.517,1638997.87890625,5316.33900022497
258,131400,2,3,12,0,43,43,1623060.20703125,5283.41222313577
259,131600,2,3,3,7.285,0,7.285,3211809.8828125,7171.68653886821
260,131701,2,3,3,0,0,0,966842.64453125,3933.24748813537
261,131702,2,3,3,17.16,0,17.16,1058307.21484375,4127.39948953587
262,131800,2,3,3,18.924,0,18.924,1928190.203125,5868.42115769245
263,131900,2,3,6,0,0,0,1932046.24609375,5875.75935831379
264,132001,2,3,6,4.19,0,4.19,1419282.9140625,4863.96923204176
265,132002,2,3,6,6.591,0,6.591,2344816.328125,7765.32805982112
266,132101,2,3,6,1,0,1,1187540.69921875,4384.95993449809
267,132102,2,3,6,12.057,0,12.057,2009767.4453125,6973.0809259583
268,132300,2,3,3,18.854,0,18.854,1873664.109375,5820.8334821068
269,132501,2,3,3,35.494,0,35.494,1031398.234375,4072.72612701938
270,132502,2,3,3,9.632,0,9.632,915446.48828125,4047.61482430834
271,132700,2,3,3,16.673,0,16.673,1935939.66796875,5843.81736871093
272,132900,2,3,5,10.474,0,10.474,1749254.8828125,6708.69429034881
273,133000,2,3,3,10.214,0,10.214,1468597.92578125,5227.33834344449
274,133100,2,3,3,19.059,0,19.059,2226791.96875,6252.55840326732
275,134001,2,3,3,6.781,0,6.781,855176.67578125,4485.77547292751
276,134002,2,3,3,7.924,0,7.924,1104341.22265625,5032.55710473436
277,134101,2,3,3,0,0,0,1562414.125,5157.2094200061
278,134103,2,3,3,9.093,0,9.093,1540138.78125,6434.47646765219
279,134104,2,3,3,2.808,0,2.808,949875.20703125,3898.09498082021
280,134201,2,3,3,21.896,0,21.896,2150168.16796875,6072.9341101345
281,134302,2,5,12,1.808,0,1.808,1915851.5546875,5632.50247598694
282,134303,2,3,3,31.971,0,31.971,2301295.1796875,6311.22705877408
283,134304,2,3,3,1,0,1,1495930.421875,5011.35335294814
284,134305,2,3,3,5.926,0,5.926,524252.61328125,2986.87728887345
285,134306,2,3,3,9.537,0,9.537,908586.375,3815.39132361368
286,134421,2,3,12,2.095,0,2.095,3128335.85546875,7127.51685691299
287,134422,2,3,12,25.53,0,25.53,3438752.87890625,9451.45662377738
288,134423,2,5,12,6.285,0,6.285,2297241.8046875,6797.67185542049
289,134424,2,5,12,1.591,0,1.591,5440105.0078125,10093.9656072164
290,134520,2,3,3,36.351,0,36.351,1417378.3125,4854.53327429213
291,134521,2,3,3,36.746,0,36.746,515605.54296875,3023.03502185075
292,134522,2,3,3,2.095,0,2.095,901823.32421875,3792.27766828165
293,134710,2,3,3,0,0,0,836342.44140625,3670.48273135235
294,134720,2,3,3,6.285,0,6.285,1450310.02734375,4906.24224500949
295,134800,2,3,3,3,0,3,2746688.890625,6853.18579110177
296,134901,2,3,3,7.285,0,7.285,1555911.01953125,5597.43823268016
297,134903,2,3,3,18.276,0,18.276,829710.96484375,3867.50446508962
298,134904,2,3,3,8.041,0,8.041,1523448.421875,5781.87382388424
299,134905,2,3,3,11.995,0,11.995,3789336.21484375,8133.95324451056
300,135102,2,3,12,0,0,0,2460502.28125,7031.44310994665
301,135111,2,3,3,6.285,0,6.285,1531780.0078125,4999.06187806456
302,135113,2,3,3,2.095,0,2.095,942782.0859375,4819.15139037653
303,135114,2,3,3,12.4,0,12.4,1860582.421875,6712.35981927288
304,135201,2,3,12,21.51,0,21.51,2244218.08984375,6867.44455635698
305,135202,2,3,12,4.095,0,4.095,2582413.8515625,6577.71273180622
306,135203,2,3,12,3.798,0,3.798,6594909.21875,12333.4038931551
307,137000,2,3,3,0,0,0,2371389.65625,9497.90063377122
308,137103,2,3,3,4.517,0,4.517,1112879.84765625,4346.08448646493
309,137104,2,3,3,3.095,0,3.095,3758387.3125,8627.91298882558
310,137201,2,3,3,1,0,1,2924160.953125,7071.58802787053
311,137301,2,3,3,1,0,1,2357668.8125,7469.35834840954
312,137302,2,3,3,6.285,0,6.285,3583973.19140625,9244.70133737696
313,137401,2,3,3,2.591,0,2.591,3475954.62890625,9805.24571564493
314,137402,2,3,3,7.19,0,7.19,4513540.609375,11474.1054724611
315,137501,2,3,3,5.021,0,5.021,3679447.87890625,8932.92291220747
316,137502,2,3,3,10.811,0,10.811,3060663.8359375,7101.78327932526
317,137504,2,3,3,0,0,0,5617052.1484375,12131.4798170134
318,138000,2,3,3,2.095,0,2.095,6546371.65234375,11522.6137055596
319,139001,2,3,5,0,0,0,1815848.30078125,6538.70339700615
320,139200,2,3,5,0,0,0,1687319.12109375,5170.05230043696
321,139301,2,3,3,16.156,0,16.156,4197411.77734375,9918.89206604453
322,139302,2,3,3,4.021,0,4.021,495500.84765625,2938.53691280306
323,139303,2,3,3,1,0,1,608650.515625,3337.13994206669
324,139401,2,3,3,13.797,0,13.797,1328630.453125,4694.12697060017
325,139402,2,3,3,17.926,0,17.926,3578781.1640625,10539.6098544136
326,139502,2,3,5,2.926,0,2.926,1533837.75390625,6256.07856137391
327,139503,2,3,5,0,0,0,515061.33984375,2991.81727891149
328,139504,2,3,5,1,0,1,423296.734375,2991.88690094169
329,139600,2,3,5,6.946,0,6.946,3627668.515625,7658.02340217871
330,139701,2,3,5,9.021,0,9.021,4976662,12155.5305220663
331,139702,2,3,5,0,0,0,13751475.4882813,24211.3053772812
332,139703,2,3,3,3.181,0,3.181,6921130.84765625,15267.21303417
333,139801,2,3,3,0,0,0,5366146.1015625,10214.529256997
334,139802,2,3,3,0,0,0,8894183.08984375,17299.1403948522
335,141101,2,3,4,0,0,0,1111233.04296875,4326.57920492519
336,141102,2,3,4,1,0,1,1140100.7734375,5653.88084457451
337,141201,2,3,4,15.892,0,15.892,1026239.31640625,4466.15053687095
338,141202,2,3,4,1,0,1,1024825.6796875,4665.74817220257
339,141302,2,3,4,6.829,0,6.829,1859883.79296875,6267.92749669302
340,141303,2,3,4,3.095,0,3.095,383407.12109375,2605.06015079155
341,141304,2,3,4,4,0,4,1041339.9453125,5223.84646248502
342,141400,2,3,5,11.627,0,11.627,2934003.0703125,7168.25406361188
343,141500,2,3,5,0,0,0,4882296.63671875,11699.2355754578
344,141600,2,3,4,0,0,0,5635215.63671875,13710.7665127514
345,141700,2,3,4,0,0,0,4746744.4296875,11834.7750123068
346,143100,2,3,4,14.42,0,14.42,2597697.11328125,6917.79629760948
347,143200,2,3,2,10.187,0,10.187,1400949.47265625,5182.11925465208
348,143300,2,3,2,10.885,0,10.885,2422484.703125,7335.99320729732
349,143400,2,3,2,7.777,0,7.777,2572555.41015625,7745.1148043803
350,143500,2,3,2,1,0,1,1812325.08984375,6962.84473319263
351,143602,2,3,2,5.808,0,5.808,1783840.0703125,6166.90054289064
352,143603,2,3,2,7.702,0,7.702,769062.73046875,4970.54002467163
353,143604,2,3,2,22.706,0,22.706,820550.38671875,5075.60940322141
354,143700,2,3,4,27.621,0,27.621,4958896.828125,12995.4658191726
355,143800,2,3,2,0,0,0,3816367.60546875,13365.8580430363
356,143901,2,3,2,7.616,0,7.616,7746829.1796875,15511.9932393271
357,143902,2,3,4,4.406,0,4.406,3697801.0703125,12625.5007560851
358,181000,4,1,14,39.377,0,39.377,6055567.83203125,13931.6385749251
359,181300,4,1,14,24.078,0,24.078,2105572.796875,7928.84616752001
360,181400,4,1,14,27.459,0,27.459,1286523.51953125,5315.10465781879
361,181500,4,1,14,9.707,0,9.707,1601858.90234375,6600.38503075648
362,181600,4,1,14,4.19,0,4.19,1828884.48828125,6616.75269380657
363,183101,4,1,14,19.524,0,19.524,1415950.2890625,6283.55270577214
364,183103,4,1,14,1,0,1,960373.296875,7261.06770193094
365,183104,4,1,14,2.095,0,2.095,986672.16015625,5993.39457933402
366,183220,4,1,14,0,0,0,782907.8828125,4907.77013188412
367,183221,4,1,14,0,0,0,1033940.29296875,4729.55044272685
368,183222,4,1,14,3.616,0,3.616,1358264.12890625,6232.30704563554
369,183300,4,1,14,8.093,0,8.093,791809.3125,3784.33586226454
370,183401,4,1,14,14.495,0,14.495,709954.3828125,3864.19564536613
371,183402,4,1,14,19.28,0,19.28,751159.38671875,4138.76860917683
372,183510,4,1,1,17.706,0,17.706,731936.71484375,3853.19137017129
373,183520,4,1,1,12.725,0,12.725,625490.92578125,3382.65557358368
374,183610,4,1,1,23.223,0,23.223,553778.47265625,3617.14045814703
375,183620,4,1,14,5.207,0,5.207,756837.7734375,3481.86151291211
376,183701,4,1,14,37.001,0,37.001,805565.36328125,4620.43938176577
377,183702,4,1,14,6.424,0,6.424,1304311.5859375,6320.26915012479
378,183810,4,1,1,5.808,0,5.808,665251.20703125,3792.21267986851
379,183820,4,1,1,14.156,0,14.156,451336.09765625,3865.70744356739
380,185100,4,1,1,38.823,0,38.823,3331004.79296875,9402.61241796543
381,185202,4,1,1,15.077,0,15.077,1762649.12890625,6417.97585045795
382,185203,4,1,1,22.174,0,22.174,801215.45703125,4404.33229923308
383,185204,4,1,1,19.149,0,19.149,1409153.4765625,6398.86942015836
384,185310,4,1,1,5.424,0,5.424,615533.9140625,4482.88979762875
385,185320,4,1,1,12.327,0,12.327,862234.98046875,5237.61851746697
386,186100,4,1,14,10.082,0,10.082,1971142.2265625,8100.71645052292
387,186201,4,1,1,8.734,0,8.734,763598.4140625,4462.53414337075
388,186202,4,1,1,24.208,0,24.208,597168.09765625,4073.26078179526
389,186203,4,1,1,16.586,0,16.586,1232520.30078125,5833.26486991088
390,186301,4,1,13,2.926,0,2.926,1699898.84765625,6597.62624412678
391,186302,4,1,1,16.759,0,16.759,2465362.2265625,6607.53890025162
392,186401,4,1,13,19.35,0,19.35,1405630.80078125,6591.70161683223
393,186403,4,1,1,37.692,0,37.692,789875.2890625,4424.92050473753
394,186404,4,1,1,13.803,0,13.803,586592.8359375,3270.85677121573
395,187101,4,1,13,14.397,0,14.397,1152654.43359375,4761.54611147607
396,187102,4,1,13,18.24,0,18.24,3213111.08984375,14156.6386728898
397,187200,4,1,13,14.038,0,14.038,1391803.78125,5734.51717170358
398,187300,4,1,13,18.607,0,18.607,1707175.64453125,7149.20051890893
399,188100,4,3,13,38.29,0,38.29,3109394.04296875,9610.17153895223
400,188201,4,3,4,5.399,0,5.399,1135408.23828125,6278.87052235804
401,188202,4,3,4,3,0,3,1109734.89453125,4329.72174528248
402,188300,4,3,13,6.276,0,6.276,1349928.7890625,4679.88849047869
403,189101,4,3,4,7.734,0,7.734,577917.23046875,3043.45267916199
404,189102,4,3,4,5,0,5,913149.35546875,4430.93216428199
405,189201,4,3,4,19.296,0,19.296,476233.94921875,2928.19720597075
406,189202,4,3,4,3.616,0,3.616,1510598.9921875,6415.66236962697
407,189300,4,3,4,2,0,2,2778586.671875,9511.71283106301
408,189400,4,3,4,10.7,10,20.7,2116331.015625,10780.1267045999
409,189500,4,3,4,3.095,0,3.095,865998.66796875,4797.78653520021
410,189600,4,3,4,24.264,0,24.264,1580241.28125,7478.8345006984
411,189701,4,3,4,9.959,0,9.959,6358116.5390625,14399.7259083031
412,189702,4,3,4,12.108,0,12.108,2136521.3984375,8542.15418699649
413,189800,4,3,4,11,0,11,1066881.34765625,4672.74274473489
414,189902,4,3,4,9.734,0,9.734,533636.8203125,3161.60032856798
415,189903,4,3,4,3,0,3,122774.21875,1528.00408477484
416,189904,4,3,4,12.58,0,12.58,233344.8515625,1946.67928770787
417,189905,4,3,4,19.218,0,19.218,377750.296875,2572.06098637977
418,190100,4,3,13,36.389,0,36.389,878109.12109375,4059.90469432959
419,190201,4,3,13,16.851,8,24.851,331706.50390625,2560.85225305047
420,190202,4,3,13,38.214,0,38.214,309060.98828125,2447.14170252084
421,190301,4,3,13,5.926,9,14.926,589860.77734375,4446.85485583223
422,190401,4,3,13,5.108,0,5.108,244080.19140625,1972.70877308377
423,190402,4,3,13,6.808,0,6.808,229773.921875,1924.52905225479
424,190510,4,3,13,10.926,0,10.926,465504.4921875,2938.97456218335
425,190520,4,3,13,1.808,0,1.808,356682.5390625,2435.79377867433
426,190700,4,3,13,83.406,29,112.406,939346.33984375,4606.19724553265
427,190801,4,3,13,139.223,0,139.223,473920.46484375,2922.99193966345
428,190802,4,3,13,38.219,0,38.219,711579.328125,3409.93131455326
429,190901,4,3,13,71.059,100,171.059,716603.98046875,3425.12879519744
430,190902,4,3,13,28.312,0,28.312,711915.640625,3412.6746438738
431,191000,4,3,13,52.251,101,153.251,948472.37109375,4120.23694214691
432,191110,4,3,13,24.214,0,24.214,398743.75,2764.17806143949
433,191120,4,3,13,22.389,0,22.389,554988.7109375,3083.8446209324
434,191201,4,3,13,29.959,0,29.959,836677.51171875,3667.20170292669
435,191203,4,3,13,24.522,0,24.522,299977.49609375,2206.30466673699
436,191204,4,3,13,6.989,0,6.989,293950.99609375,2181.81024918541
437,191301,4,3,13,50.807,9,59.807,399852.5390625,3144.69245998137
438,191302,4,3,13,24.011,0,24.011,617640.43359375,3448.18115151804
439,191410,4,3,13,12.11,0,12.11,455143.3984375,2740.0929329556
440,191420,4,2,13,6,0,6,332031.7734375,2435.73663130701
441,191500,4,3,13,16.808,0,16.808,937459.83203125,3806.01754119377
442,191610,4,2,13,79.067,0,79.067,610334.2734375,3468.14821102572
443,191620,4,3,13,38.517,0,38.517,335003.5078125,2587.72855279705
444,191710,4,3,13,12.819,0,12.819,1035723.84765625,4865.24243265412
445,191720,4,3,13,6.923,0,6.923,386361.03125,2558.92556542841
446,191810,4,3,13,48.704,0,48.704,590878.6484375,3399.6263331531
447,191820,4,3,13,44.004,0,44.004,591542.0703125,3401.55507986485
448,191901,4,3,4,55.198,16,71.198,1130160.86328125,4378.12729895277
449,191902,4,3,5,24.839,0,24.839,1061486.73828125,4261.91054237497
450,192001,4,3,5,18.919,0,18.919,775758.796875,4272.6797989124
451,192002,4,3,5,19.107,0,19.107,1254436.04296875,4719.92014750764
452,192300,4,3,4,5,0,5,1285258.6015625,4605.30561900349
453,192410,4,3,4,4,0,4,999428.23828125,3999.12796317339
454,192420,4,2,4,1,0,1,474805.375,2926.21469551562
455,192510,4,2,13,14.574,0,14.574,497960.421875,2993.23406705973
456,192520,4,2,13,1,0,1,449815.20703125,2878.87407538038
457,192610,4,2,13,81.814,0,81.814,607081.90234375,3370.03746163441
458,192620,4,2,13,31.512,0,31.512,355910.84765625,2675.50103706289
459,192700,4,2,13,117.051,128,245.051,776286.09765625,3543.20644206057
460,194101,4,3,4,7.371,0,7.371,3718636.10546875,12497.0684943952
461,194102,4,3,4,15.278,0,15.278,5124364.12109375,14117.4207218765
462,194200,4,3,4,0,0,0,3806371.78125,10893.0559894322
463,194300,4,3,4,0,0,0,3610250.546875,12962.6958000003
464,194401,4,3,5,6.926,0,6.926,680712.6484375,3594.42071160681
465,194402,4,3,5,9.851,0,9.851,861091.89453125,5343.91747726063
466,194500,4,3,5,49.926,0,49.926,1001492.640625,5513.36133773396
467,195100,4,1,4,1.808,0,1.808,2771269.41015625,8009.11280935718
468,195201,4,3,4,0,0,0,878617.90234375,5084.0801718197
469,195202,4,3,4,3.686,0,3.686,1283746.95703125,5353.37820698336
470,195300,4,3,4,26.129,0,26.129,848490.26953125,4077.36527024668
471,195400,4,1,13,27.939,0,27.939,1506039,6283.63072545378
472,195500,4,1,13,21.868,0,21.868,1776207.890625,7364.22684502893
473,195600,4,1,13,34.442,42,76.442,771006.56640625,4113.23658287428
474,195710,4,1,13,45.047,243,288.047,706348.54296875,3597.75677394701
475,195720,4,1,13,30.321,0,30.321,421606.9453125,3076.81768557724
476,195802,4,1,13,56.527,0,56.527,588164.06640625,3658.41972934039
477,195803,4,1,13,6.19,0,6.19,551535.6796875,3321.89731831926
478,195804,4,1,13,30.765,0,30.765,490796.4140625,2841.43850778982
479,195901,4,1,13,7.494,0,7.494,425170.96484375,3021.03864189385
480,195902,4,1,13,0,0,0,508189.34375,3029.68034293623
481,195903,4,1,13,13.612,0,13.612,347936.09375,2484.55060449442
482,197200,4,1,13,20.447,0,20.447,1139507.7109375,5474.48718627348
483,197300,4,1,13,1.703,0,1.703,956123.3125,5609.81242193672
484,197410,4,1,13,8.494,0,8.494,2037513.94921875,6831.54991714162
485,197420,4,1,13,4,70,74,899655.8203125,4285.29814504736
486,197500,4,1,1,79.625,31,110.625,935815.4296875,3839.0451975596
487,197600,4,1,1,30.227,0,30.227,567293.82421875,3836.16177829893
488,197700,4,1,1,2,0,2,1025273.26171875,5130.60011336027
489,199000,4,1,1,101.763,0,101.763,2280659.94921875,7017.45430058236
490,199110,4,1,14,2.095,69,71.095,1318284.84375,5255.47900962314
491,199120,4,1,1,23.745,0,23.745,1405310.08203125,6067.31819479029
492,199201,4,1,1,35.259,0,35.259,577469.671875,3291.43323290848
493,199202,4,1,1,1,0,1,1394343.30859375,6742.62858673587
494,199300,4,1,1,8.211,0,8.211,3788282.1328125,11664.0314194898
495,199400,4,1,1,17.227,0,17.227,1018954.68359375,6243.55551247767
496,199700,4,1,1,18.133,0,18.133,1417968.55859375,5109.23894729247
497,199800,4,1,1,8.596,0,8.596,951524.66796875,3962.9200358519
498,199900,4,1,1,14.569,0,14.569,647181.859375,3741.01667993687
499,201110,4,1,14,14.325,0,14.325,1482159.5390625,5966.7323040905
500,201120,4,1,14,14.664,0,14.664,1155727.92578125,5106.40324878215
501,201200,4,1,14,12.305,0,12.305,644141.30078125,3846.9680434552
502,201301,4,1,14,19.989,0,19.989,1275701.01953125,7394.08921902799
503,201302,4,1,14,3.686,0,3.686,1449869.984375,5531.98621305482
504,201401,4,1,14,12.983,0,12.983,1902421.140625,5638.64239871796
505,201402,4,1,14,6.494,0,6.494,2836120.88671875,7003.34545042316
506,201501,4,1,14,14.569,0,14.569,1295812.48828125,5321.46088902809
507,201503,4,1,14,2,0,2,642148.14453125,3390.80331925513
508,201504,4,1,14,11.266,0,11.266,538294.4765625,3548.95326070104
509,201601,4,1,14,9.589,0,9.589,789606.98828125,4100.21727082917
510,201602,4,1,14,33.561,0,33.561,1557376.76953125,6983.87164711082
511,201700,4,1,14,7.876,0,7.876,2475934.23046875,7837.14028321151
512,203100,4,1,14,0,0,0,960300.3125,4361.19079791448
513,203200,4,1,14,2.926,0,2.926,753558.02734375,3760.64735614441
514,203300,4,1,14,22.343,0,22.343,2179057.76171875,5748.9735341368
515,203500,4,1,14,41.838,0,41.838,2421216.30078125,6927.04883769929
516,203600,4,1,14,3,14,17,808186.26171875,3934.4051771668
517,203710,4,1,14,0,0,0,411923.171875,2806.91282395046
518,203720,4,1,14,3,0,3,468796.6484375,2932.94459265661
519,203800,4,1,14,4.19,0,4.19,711677.51171875,3482.89388533185
520,203900,4,1,14,17.122,0,17.122,655230.9296875,4607.70351724509
521,204110,4,1,14,15.19,0,15.19,881508.41015625,3758.32605253658
522,204120,4,1,14,0,0,0,384512.26171875,2568.47246173025
523,204200,4,1,14,3,0,3,439788.421875,2806.72314136253
524,204300,4,1,14,11.995,0,11.995,939452.28125,4009.62643651234
525,204410,4,1,14,6.998,0,6.998,433503.33984375,2801.66619609784
526,204420,4,1,14,3,119,122,441055.45703125,2820.81784286575
527,204600,4,1,14,29.532,0,29.532,848182.9609375,4511.1434487906
528,204700,4,1,14,48.877,0,48.877,1475844.671875,4912.48638161946
529,204810,4,1,14,11.44,0,11.44,1123266.484375,4484.70013072325
530,204820,4,1,14,9.797,0,9.797,467448.0546875,3071.57134970463
531,204910,4,1,14,3,0,3,756509.5234375,3543.5527538917
532,204920,4,1,14,32.919,0,32.919,1327870.41796875,4711.60715547999
533,205110,4,1,14,5.591,0,5.591,418812.515625,3396.38887012757
534,205120,4,1,14,35.09,72,107.09,2139489.0078125,7388.57091770826
535,206010,4,1,1,20.392,0,20.392,2101890.078125,7762.72702836688
536,206020,4,1,14,22.479,0,22.479,1272359.69921875,4431.62698871589
537,206031,4,1,14,139.374,0,139.374,6908250.23828125,13649.5299619126
538,206032,4,1,14,85.273,78,163.273,1435461.19140625,5036.88029930931
539,206050,4,1,14,41.411,0,41.411,2539210.1953125,9385.8057140338
540,206200,4,1,14,519.496,81,600.496,845099.84765625,4303.83268266374
541,206300,4,2,14,1211.044,2018,3229.044,900344.71875,4850.99054392041
542,207101,4,1,1,64.642,0,64.642,438488.2109375,2844.53946394088
543,207102,4,1,1,189.201,0,189.201,606241.1640625,3651.33769370255
544,207103,4,1,1,10.749,0,10.749,473499.15234375,3545.80612094409
545,207301,4,1,14,148.438,447,595.438,628028.7109375,4491.29792707163
546,207302,4,1,14,59.553,0,59.553,374061.9375,3039.05776310878
547,207400,4,1,14,129.025,0,129.025,1269816.19921875,5588.74957687089
548,207501,4,1,14,18.926,0,18.926,196192.00390625,1803.18403122799
549,207502,4,1,14,54.845,0,54.845,611013.42578125,3371.72751827715
550,207710,4,1,14,100.845,52,152.845,1608517.69140625,6342.5772134509
551,207900,4,1,14,81.412,0,81.412,1318513.69921875,4728.45907403205
552,208000,4,1,1,27.792,0,27.792,1418660.16796875,5247.21736814311
553,208301,4,1,13,2.808,0,2.808,135780.2890625,1910.01635614135
554,208302,4,1,13,3.686,96,99.686,642707.99609375,3632.52138339174
555,208401,4,1,13,5.629,0,5.629,335514.140625,2316.49213402361
556,208402,4,1,13,43.831,0,43.831,498470.61328125,3176.1895548031
557,208501,4,1,13,27.754,0,27.754,355344.9921875,2416.65577413406
558,208502,4,1,13,19.107,0,19.107,381356.40234375,2497.2027680612
559,208610,4,1,13,21.806,0,21.806,511585.6328125,3048.65953258465
560,208620,4,1,13,8.819,0,8.819,473847.90625,3021.34726778806
561,208710,4,2,1,9.362,0,9.362,248911.3671875,2082.16611636364
562,208720,4,2,1,25.314,186,211.314,240641.2578125,2551.0678029601
563,208801,4,1,1,264.416,0,264.416,392130.59375,2875.38234526602
564,208802,4,1,1,12.288,0,12.288,308942.41796875,2837.63200572502
565,208902,4,1,1,14.028,0,14.028,268814.4140625,2084.19121922886
566,208903,4,1,1,34.872,168,202.872,232668.49609375,2594.57573126636
567,208904,4,1,1,6,0,6,163747.8515625,1682.05021571432
568,209102,4,1,1,29.153,29,58.153,445236.515625,3082.16663839526
569,209103,4,1,1,1,0,1,181136.4921875,1729.66918866887
570,209104,4,1,1,1.808,98,99.808,102184.71484375,1415.29225862885
571,209200,4,1,1,31.245,0,31.245,600554.390625,3223.23551613584
572,209300,4,1,1,50.596,0,50.596,447334.3828125,2919.10053210709
573,209401,4,1,1,47.157,0,47.157,314993.203125,2346.89510494315
574,209402,4,1,1,25.22,0,25.22,198970.46875,1786.622860727
575,209403,4,1,1,16.383,0,16.383,201834.7890625,1798.54031468142
576,209510,4,1,1,33.743,0,33.743,266509.828125,2139.69406543566
577,209520,4,1,1,44.443,0,44.443,337597.06640625,2381.9970780434
578,209810,4,1,1,4.851,0,4.851,218798.921875,1995.52116715915
579,209820,4,1,1,1.926,0,1.926,261540.51171875,2095.73549911427
580,210010,4,1,1,35.427,0,35.427,596682.6015625,3280.53011482906
581,211000,4,3,4,8.777,0,8.777,3881410.4609375,9270.88847358316
582,211120,4,2,13,49.304,0,49.304,828422.2734375,3879.31952323964
583,211121,4,2,13,33.06,0,33.06,312577.90234375,2799.20656001307
584,211122,4,2,13,71.46,0,71.46,534118.33984375,3050.48779877178
585,211201,4,2,13,1.926,0,1.926,203642.66015625,1811.41931261953
586,211202,4,2,13,2.926,0,2.926,261796.47265625,2048.09199437774
587,211310,4,2,13,0,0,0,210316.80859375,1841.91068253656
588,211320,4,2,13,7.612,0,7.612,272154.59375,2090.39214243058
589,211410,4,2,10,8.257,0,8.257,395662.25,2766.19134784208
590,211420,4,2,10,1.926,0,1.926,556795.3203125,3094.37567645351
591,211500,4,3,4,9.48,0,9.48,1328207.5078125,4826.36998846515
592,211701,4,3,4,2.926,0,2.926,951781.10546875,3881.75924733437
593,211703,4,2,4,7.777,0,7.777,268970.17578125,2098.70259210921
594,211704,4,2,10,8.629,0,8.629,270170.13671875,2117.09194613431
595,211802,4,2,10,40.735,0,40.735,475371.58203125,2922.3020778349
596,211803,4,2,10,6.58,0,6.58,203840.671875,1811.3848094577
597,211804,4,2,10,13.145,0,13.145,271673.484375,2089.37965864086
598,211910,4,2,10,2.703,0,2.703,201558.29296875,1802.02487930245
599,211921,4,2,10,23.038,0,23.038,135377.7734375,1530.66354310501
600,211922,4,2,10,3.511,0,3.511,135711.703125,1531.84050268111
601,212101,4,2,10,10.926,0,10.926,271388.60546875,2088.52694346848
602,212102,4,2,10,6.997,0,6.997,202548.64453125,1806.45257578974
603,212202,4,2,1,2,0,2,301569.4921875,2385.67068820236
604,212203,4,2,10,14.101,0,14.101,155292.98828125,1659.21591995452
605,212204,4,2,1,65.237,0,65.237,311396.10546875,2264.84316033334
606,212303,4,2,10,7,0,7,227347.2890625,1923.23307194401
607,212304,4,2,10,4.511,0,4.511,300431.5390625,2322.43506038999
608,212305,4,2,10,13.778,0,13.778,157825.3671875,1605.70793322887
609,212306,4,2,10,12.232,0,12.232,236495.6015625,1958.05211315107
610,212410,4,2,10,2,0,2,229598.5625,2045.04260499696
611,212420,4,2,10,3.926,0,3.926,209522.87890625,1825.60824899888
612,212501,4,2,10,2.095,0,2.095,116254.7578125,1402.05286558022
613,212502,4,2,10,29.449,0,29.449,416404.859375,3043.51338594317
614,212610,4,2,4,14.102,0,14.102,521691.41796875,3083.04133066059
615,212620,4,2,4,2.808,0,2.808,421546.4296875,2925.47902433433
616,212701,4,2,4,3.903,0,3.903,685875.23828125,3936.55856778055
617,212702,4,2,4,3.903,0,3.903,1286264.92578125,4962.09497699235
618,212800,4,2,10,13.019,0,13.019,1140978.08203125,4322.50569496464
619,212900,4,2,10,17.611,0,17.611,545607.87890625,3296.48936747844
620,213100,4,2,10,17.052,0,17.052,784280.4609375,3870.34727073775
621,213201,4,2,10,33.514,0,33.514,489163.15625,3021.11556357612
622,213202,4,2,10,1,0,1,493471.2109375,2996.3451509947
623,213310,4,2,1,9.48,0,9.48,455768.48046875,2884.62128187077
624,213320,4,2,1,19.959,0,19.959,454820.4765625,2894.00761296076
625,213401,4,2,1,6.772,0,6.772,286397.65234375,2328.44392557838
626,213402,4,2,1,4.851,0,4.851,572228.76953125,3058.65736559379
627,214000,4,3,5,11.777,0,11.777,1478046.328125,4921.83797186588
628,214100,4,3,5,7.734,0,7.734,1619401.359375,5207.29045612783
629,214400,4,3,5,14.552,0,14.552,503053.35546875,2930.31053738583
630,214501,4,3,4,13.554,0,13.554,1099230.72265625,5172.7786842299
631,214502,4,3,4,2.926,0,2.926,377207.83984375,2910.52226387805
632,214503,4,3,4,2,0,2,339388.8125,2573.30704290729
633,214600,4,3,5,8,0,8,849184.8046875,3724.62244363113
634,214700,4,3,5,4.703,0,4.703,866815.546875,3766.21227753729
635,214800,4,3,5,6.926,0,6.926,842871.18359375,4147.07654372985
636,214901,4,3,5,0,0,0,456874.3203125,2725.57296946531
637,214902,4,3,5,14.389,0,14.389,740521.046875,3611.5258486739
638,215101,4,3,4,11.777,0,11.777,518597.1953125,3791.47719382818
639,215102,4,3,4,4,0,4,376454.43359375,3011.78314226524
640,216100,4,2,4,3.926,0,3.926,985938.12890625,4123.68639641758
641,216200,4,2,4,3.095,0,3.095,1408613.90234375,5145.15669560533
642,216300,4,2,5,1,0,1,1859246.51171875,6972.71471691909
643,216401,5,3,5,7.629,0,7.629,598794.84765625,3137.23363019745
644,216402,5,3,5,1,0,1,335152.1484375,2357.0943364611
645,216700,4,2,10,3.616,0,3.616,1136029.51953125,4313.94525849097
646,216800,4,2,5,10.517,0,10.517,1080571.84765625,4252.02193075806
647,216900,4,2,10,26.204,0,26.204,1598428.19140625,5561.89142812255
648,217001,5,2,5,3.926,0,3.926,801096.51953125,4032.58775346337
649,217002,5,2,5,32.431,0,32.431,1126406.85546875,4251.06702958296
650,217100,4,2,10,8.285,0,8.285,1311117.28125,4754.9538966399
651,217200,4,2,10,1,0,1,1342135.1640625,5523.17793203618
652,218110,4,2,10,22.89,17,39.89,874049.890625,4697.30732827133
653,218120,4,2,10,58.831,14,72.831,650063.12109375,3273.97974061824
654,218210,4,2,10,4.19,0,4.19,567221.3828125,3230.52557005841
655,218220,4,2,10,8.903,0,8.903,982336.64453125,4301.00828937953
656,218300,4,2,10,24.102,0,24.102,1315251.328125,6371.19715969835
657,218400,6,2,10,20.949,0,20.949,958664.4765625,4484.41857470023
658,218500,6,2,10,11.558,18,29.558,764271.63671875,4067.27164763654
659,218600,6,2,10,2.095,0,2.095,628315.5078125,3309.06403278812
660,218701,6,2,10,8.211,0,8.211,802821.05078125,3932.47457996629
661,218702,6,2,10,14.404,0,14.404,525038.13671875,3783.84032475451
662,218800,6,2,10,30.907,0,30.907,600973.359375,3313.69750231319
663,218900,6,2,10,29.256,0,29.256,1026797.828125,4234.78145062502
664,219010,6,2,10,22.176,0,22.176,643464.6015625,3450.95460686441
665,219020,6,2,10,46.405,0,46.405,1060245.28125,4137.16301374321
666,219300,6,2,10,14.207,0,14.207,951352.76171875,4139.72862956304
667,219500,6,2,10,26.434,0,26.434,813720.578125,3836.15052221395
668,219700,6,2,10,16.419,0,16.419,1594583.34765625,6112.91107067756
669,219800,6,2,10,24.839,0,24.839,651201.7265625,3590.5031285558
670,219901,6,2,10,26.111,0,26.111,766159.5078125,3711.57175299951
671,219902,6,2,10,14.901,0,14.901,1168921.94921875,4894.4090492056
672,220000,6,2,10,20.379,0,20.379,1418416.4921875,4705.56688977289
673,220100,6,2,10,4.926,0,4.926,1430838.6640625,6247.09913261347
674,221110,4,2,1,13.723,0,13.723,342022.9765625,2549.32035616596
675,221120,4,2,1,6.332,0,6.332,463577.859375,2770.20651786879
676,221210,4,2,10,14.261,0,14.261,523867.546875,3102.53202337023
677,221220,4,2,1,45.879,0,45.879,962820.45703125,3877.97698860445
678,221302,4,2,10,51.581,0,51.581,674762.59765625,3746.30680635403
679,221303,4,2,10,24.935,0,24.935,341635.09765625,2387.90762860162
680,221304,4,2,10,1.591,0,1.591,331829.15234375,2321.94113396962
681,221401,6,2,10,62.828,0,62.828,791662.796875,3543.2200766615
682,221402,6,2,10,1.808,0,1.808,777154.8828125,4726.88402094243
683,221500,6,2,8,13.509,0,13.509,555786.88671875,3085.30951534944
684,221601,6,2,8,21.271,0,21.271,539985.05078125,3054.14717629937
685,221602,6,2,1,25.87,0,25.87,763288.734375,4414.61295581446
686,221710,6,1,8,21.332,0,21.332,478760.25,2984.48086622559
687,221810,6,2,8,19.685,0,19.685,444234.47265625,2751.6640278563
688,221820,6,2,9,1,0,1,298158.796875,2150.82180825755
689,221900,6,2,9,2,0,2,598035.1484375,3911.38782419368
690,222001,6,2,10,12.187,0,12.187,692286.4375,3369.11878937611
691,222002,6,2,8,23.19,0,23.19,956919.36328125,3991.87666766219
692,222100,6,2,8,31.433,0,31.433,699043.0390625,3857.14528165833
693,222200,6,2,8,11.896,0,11.896,703382.12109375,3874.28009169085
694,222500,6,2,8,5.591,0,5.591,952195.89453125,3905.55510662232
695,222600,6,2,8,6.424,0,6.424,951429.19921875,3897.86083712287
696,222700,6,2,9,102.393,0,102.393,1192876.80859375,5003.2427708734
697,224010,4,1,14,60.512,0,60.512,1212314.18359375,5117.4296933247
698,224020,4,1,9,43.091,0,43.091,1798806.4453125,5608.16201769109
699,224200,4,1,1,26.972,0,26.972,537256.625,3174.2458852974
700,224310,4,1,1,1.703,0,1.703,263987.59375,2492.25184248181
701,224320,4,1,1,17.213,0,17.213,424200.359375,3110.62179407768
702,224410,6,1,1,21.719,0,21.719,662337.48828125,3880.0818211101
703,224420,6,1,1,41.861,0,41.861,523580.3671875,3304.97754310484
704,224600,6,1,9,90.432,267,357.432,1049199.58203125,4124.33207739376
705,224700,6,1,9,61.691,0,61.691,928004.47265625,3983.25822087556
706,226001,4,2,9,175.487,0,175.487,1511320.59375,7019.04181792114
707,226002,4,2,14,492.605,97,589.605,3748050.3125,7880.82943358487
708,226410,6,2,9,21.842,0,21.842,412275.53515625,2623.75704930427
709,226420,6,2,9,14.207,0,14.207,623069.50390625,3232.3508107712
710,226700,6,2,9,31.018,0,31.018,1142177.56640625,4473.16650739245
711,227010,6,2,9,37.907,0,37.907,845206.3515625,4363.19486784855
712,227020,6,2,9,1.703,0,1.703,642214.48046875,3374.40722853984
713,228100,6,2,9,36.238,0,36.238,1463827.71875,5626.08505794996
714,228210,6,2,9,4.903,0,4.903,599695.17578125,3381.83731971204
715,228220,6,2,9,26.41,0,26.41,534251.72265625,3349.53157204807
716,228310,6,2,9,25.219,0,25.219,797093.98046875,4141.37699752535
717,228320,6,2,9,22.422,0,22.422,491722.75390625,3758.2504861958
718,228410,6,2,9,5.903,0,5.903,405214.7734375,2616.86486111945
719,228420,6,2,9,15.01,0,15.01,404693.13671875,2917.97350783724
720,228500,6,2,9,72.585,0,72.585,654817.76171875,3392.38379014886
721,228600,6,2,9,13.61,0,13.61,768717.62109375,3529.90157487121
722,228710,6,2,9,20.973,0,20.973,590433.26171875,3410.98550139405
723,228720,6,2,9,7.777,0,7.777,589504.484375,3406.48959040161
724,228800,6,2,9,46.676,0,46.676,1231776.19921875,4551.62258309601
725,228900,6,2,9,45.649,0,45.649,751810.41015625,3553.69389340447
726,229100,6,2,9,107.605,0,107.605,692800.37890625,3366.82622563797
727,229200,6,2,9,25.337,0,25.337,650054.99609375,3284.75268432709
728,229300,6,2,9,12.302,0,12.302,733561.2578125,3512.77936329735
729,229410,6,2,9,38.808,0,38.808,791060.67578125,3572.23592302775
730,229420,6,2,9,16.816,0,16.816,851924.14453125,3699.57095844073
731,231100,6,2,9,284.263,277,561.263,1304577.32421875,4756.48565629083
732,231210,6,2,8,0,0,0,467916.390625,2919.28100645076
733,231220,6,2,9,29.759,191,220.759,1408330.75390625,4849.37075390226
734,231300,6,2,8,31.188,0,31.188,959314.56640625,3918.89369804238
735,231400,6,2,8,0,0,0,906172.75390625,3811.29765089303
736,231500,6,2,8,11.093,0,11.093,1341017.51171875,4709.731856093
737,231600,6,2,9,20.919,22,42.919,1392749.07421875,4819.18609961329
738,231710,6,2,9,78.329,0,78.329,472367.43359375,2925.94676498691
739,231720,6,2,9,40.187,0,40.187,688948.0859375,3359.28523024446
740,231800,6,2,9,24.436,0,24.436,759001.52734375,3510.57919803071
741,231900,6,2,9,109.708,0,109.708,829735.1484375,3714.9883606013
742,232110,6,2,9,25.605,0,25.605,554324.84375,3237.88445067407
743,232120,6,2,9,69.307,0,69.307,761223.09375,3583.5478174001
744,232200,6,2,9,12.827,0,12.827,762837.55078125,3996.85654155898
745,232300,6,2,9,14.686,9,23.686,917083.640625,4247.32937273099
746,232400,6,2,8,45.865,29,74.865,1623373.4453125,5119.1409640413
747,232500,6,2,8,21.889,85,106.889,1119580.140625,4400.33613757079
748,232600,6,2,9,6.181,0,6.181,1159812.6796875,4517.11895055682
749,232700,6,2,9,102.936,204,306.936,1066394.59375,4232.88475729389
750,232800,6,2,9,98.091,0,98.091,622191.42578125,3209.28833228642
751,234000,6,2,10,8.379,0,8.379,1811970.6796875,6474.80749530842
752,234200,6,2,10,38.139,0,38.139,1288341.5390625,4797.5069189062
753,234300,6,2,10,73.827,0,73.827,1269662.234375,4484.2593414442
754,234501,6,2,8,13.4,0,13.4,1096539.4453125,4689.25143916203
755,234502,6,2,8,17.582,21,38.582,794785.94140625,4288.76561564876
756,234600,6,2,8,73.576,7,80.576,1901517.7578125,6560.59754252474
757,234700,6,2,8,15.586,0,15.586,1082075.18359375,5453.11052490453
758,234800,6,2,8,46.997,0,46.997,953823.46875,3906.51833112055
759,234901,6,2,8,19.94,0,19.94,474459.859375,2922.59204049734
760,234902,6,2,8,6.998,0,6.998,652792.171875,3666.94153648493
761,235100,6,2,8,4.021,0,4.021,1722751.3828125,6678.11945789352
762,235201,6,2,8,4.686,7,11.686,951355.43359375,3925.35743496399
763,235202,6,2,8,13.803,0,13.803,1241333.27734375,4864.48530005685
764,236000,6,2,10,3.851,0,3.851,5867504.5390625,11651.6506178843
765,236100,6,2,10,20.147,0,20.147,1649747.6484375,5495.00654520314
766,236202,6,2,10,28.618,0,28.618,644924.24609375,3492.17945726464
767,236203,6,2,10,9.116,0,9.116,495177.2734375,3987.62339596184
768,236204,6,2,10,6.095,0,6.095,335407.71484375,2467.56449128648
769,236400,6,2,8,0,0,0,1955610.4765625,7137.43457030947
770,237101,6,2,9,12.309,0,12.309,917090.46875,3809.9997422558
771,237102,6,2,9,75.425,0,75.425,670693.046875,3318.18113432566
772,237201,6,2,9,41.734,0,41.734,661133.99609375,3272.24470665363
773,237202,6,2,8,32.58,0,32.58,1616361.96875,5294.13851747777
774,237300,6,2,8,30.44,72,102.44,1454556.26171875,4951.39401472137
775,237401,6,2,8,17.706,0,17.706,752438.3125,3520.00786774813
776,237402,6,2,8,8.701,0,8.701,759905.625,3543.17116322179
777,237500,6,2,8,53.47,0,53.47,491789.890625,3036.91045923366
778,237600,6,2,8,51.94,0,51.94,734409.0546875,3486.4308391121
779,237710,6,2,8,35.081,0,35.081,630141.984375,3455.24456924171
780,237720,6,2,8,7.406,0,7.406,474045.4296875,3209.091896907
781,237800,6,2,8,4,0,4,1417985.39453125,4834.48785850525
782,237900,6,2,8,2,0,2,1428178.03125,4879.06409547854
783,238000,6,2,8,17.914,0,17.914,2423568.765625,7777.89879948778
784,238100,6,2,8,9.19,62,71.19,1433717.62109375,4880.5633305606
785,238200,6,2,8,7.19,0,7.19,1496208.59375,5107.91999785937
786,238310,6,2,8,34.863,0,34.863,578721.2109375,3421.29575778881
787,238320,6,2,8,39.904,458,497.904,682448.1171875,3558.58044634263
788,238400,6,2,8,22.786,0,22.786,1896565.20703125,5843.98516248757
789,239201,6,2,9,88.163,0,88.163,655981.046875,3272.55083366714
790,239202,6,2,9,61.612,0,61.612,1860036.14453125,5836.38291164389
791,239310,6,2,9,28.165,0,28.165,779780.22265625,3563.57406296667
792,239320,6,2,9,10.724,0,10.724,506002.71484375,3050.66295416406
793,239330,6,2,9,17.065,0,17.065,1428074.07421875,4944.1120408503
794,239501,6,2,9,7.095,0,7.095,691270.4140625,3887.25730087128
795,239502,6,2,9,3,0,3,744714.98046875,3977.58204626845
796,239601,6,2,9,33.75,0,33.75,615539.4453125,3527.48031685631
797,239602,6,2,9,50.962,0,50.962,521971.25390625,3409.40518714563
798,239701,6,2,9,33.309,19,52.309,597127.48046875,3488.44574599547
799,239702,6,2,9,62.31,0,62.31,708670.62890625,3699.93873816817
800,239801,6,2,9,12.967,0,12.967,540379.75,3660.28969222641
801,239802,6,2,9,19.778,0,19.778,888184.83984375,4135.7434309373
802,240010,6,2,9,7.276,0,7.276,857479.53515625,4487.66062607447
803,240020,6,2,9,9.19,0,9.19,1048836.01171875,4722.74626413706
804,240200,6,2,8,24,0,24,1088214.53515625,4154.14136729144
805,240300,6,2,8,37.15,0,37.15,1185445.80859375,4413.74808102549
806,240401,6,2,8,17.133,25,42.133,1010383.67578125,4161.88713964962
807,240402,6,2,8,57.583,0,57.583,875951.48046875,4091.21724054571
808,240500,6,2,8,29.722,24,53.722,1183055.40234375,4514.40161152241
809,240600,6,2,8,28.919,0,28.919,984619.88671875,4157.1681652974
810,240700,6,2,8,96.433,0,96.433,1740192.0546875,5531.25139149208
811,240800,6,2,8,25.771,0,25.771,929958.8359375,4973.41740554094
812,240900,6,2,8,43.683,0,43.683,1558955.34375,5244.87181516501
813,241001,6,2,15,76.403,0,76.403,1320948.0859375,6662.94876338161
814,241002,6,2,15,61.451,0,61.451,1029891.72265625,4782.73063353024
815,241110,6,2,8,13.586,0,13.586,708776.5625,3877.83363117335
816,241120,6,2,8,5.798,0,5.798,966120.94921875,4271.56461774979
817,241201,6,2,8,6.686,0,6.686,707771.7109375,3741.35051631814
818,241202,6,2,8,3.686,0,3.686,1694644.76953125,5162.3598009448
819,241300,6,2,15,34.19,0,34.19,760287.6171875,3659.75122940217
820,241400,6,2,15,81.366,0,81.366,837197.125,4054.34889536137
821,242000,6,2,15,8.998,232,240.998,942017.64453125,3873.65541521891
822,242100,6,2,15,12.276,0,12.276,401747.47265625,3862.80855099332
823,242200,6,2,15,9.711,0,9.711,1184797.48828125,4757.06970591625
824,242300,6,2,15,12.579,0,12.579,917899.76171875,4237.13022723345
825,242600,6,2,15,97.022,0,97.022,693211.296875,3366.29865001318
826,242700,6,2,15,10.19,0,10.19,1478642.1328125,5289.0403640206
827,243000,6,2,15,22.343,0,22.343,1044890.6171875,4083.84723241625
828,243100,6,2,15,34.19,0,34.19,884029.65234375,3928.43837217902
829,261101,5,3,4,0,0,0,9781026.09375,23452.1514182391
830,261102,5,3,5,5.903,0,5.903,11611943.953125,20558.8069851642
831,261200,5,3,5,2.095,0,2.095,11102891.6875,21978.5806923777
832,262100,5,3,5,0,0,0,12821965.7773438,25938.9181783009
833,262200,5,3,5,0,0,0,12521145.2773438,19274.1910931308
834,262301,5,3,11,3.399,0,3.399,19098793.1992188,27442.8968677476
835,262302,5,3,11,0,0,0,4467685.21875,11912.4314634577
836,262303,5,3,11,1.808,0,1.808,3819228.68359375,10774.0053880203
837,262400,5,3,11,0,0,0,16472351.5429688,27700.7736789978
838,262501,5,3,11,0,0,0,2392621.55078125,7341.52793580119
839,262601,5,3,11,0,0,0,5395687.484375,12814.4564004051
840,262604,5,3,11,26.439,0,26.439,8251136.87109375,19425.9316099952
841,262704,5,3,11,42.831,0,42.831,2708880.5703125,9212.93061182322
842,262706,5,3,11,14.798,0,14.798,3119221.703125,7868.42786391677
843,262802,5,3,11,17.058,0,17.058,4809878.640625,14027.7891888748
844,264000,5,3,11,1.926,0,1.926,2728261.76953125,8462.27745800228
845,264102,5,3,11,0,0,0,579125.54296875,3778.40369301621
846,264103,5,3,11,2.808,0,2.808,336684.1015625,2713.59925274925
847,264301,5,3,11,15.562,0,15.562,613591.4609375,3205.76323213248
848,264302,5,3,11,14.722,0,14.722,2467969.48828125,8152.24482044156
849,265100,5,3,5,2,0,2,3451600.62109375,8998.67937069565
850,265201,5,3,5,4.181,0,4.181,641067.9296875,4383.58242094123
851,265202,5,3,5,38.181,0,38.181,840404.31640625,4251.24919686225
852,265301,5,3,5,15.102,0,15.102,2331615.89453125,7553.32985481217
853,265303,5,3,5,0,0,0,216219.0625,2120.80496654232
854,265304,5,3,5,2.926,0,2.926,191361.484375,2170.44854525498
855,265305,5,3,5,11.116,0,11.116,454018.1875,3685.04496788551
856,265410,5,3,11,1,0,1,822461.4140625,5366.01290669136
857,265420,5,3,5,0,0,0,1067680.64453125,4547.17905308566
858,265510,5,3,5,12.585,0,12.585,560083.203125,3055.20770967308
859,265520,5,3,5,45.119,0,45.119,1120880.75,4943.12428654391
860,265601,5,3,5,16.127,0,16.127,910066.6875,4223.45462774102
861,265602,5,3,5,2.591,0,2.591,490651.99609375,3417.56847770056
862,265700,5,3,5,5,0,5,1801291.66015625,5613.8607916571
863,267100,5,3,5,10.777,0,10.777,1612255.01171875,5252.16243815697
864,267200,5,3,5,39.989,0,39.989,1719251.41796875,5452.99205452969
865,267300,5,3,11,41.658,0,41.658,627854.2890625,3195.91856734481
866,267402,5,3,11,16.872,0,16.872,626146.8984375,3256.42173561674
867,267403,5,3,11,4.926,120,124.926,358506.25,2885.16873929815
868,267404,5,3,11,6.851,0,6.851,415346.53125,2715.63038473277
869,267501,5,3,11,14.61,0,14.61,662645.28515625,3339.19838321415
870,267502,5,3,11,28.059,0,28.059,634646.19140625,3286.98167195182
871,267600,5,3,11,24.772,0,24.772,1853190.41015625,5606.5895916922
872,267700,5,2,11,17.389,0,17.389,1186979.64453125,4490.16042824865
873,267800,5,3,5,20.595,169,189.595,1680694.875,5482.77481828349
874,267901,5,3,5,0,0,0,1635290.47265625,5592.74675324079
875,267902,5,3,5,2.591,0,2.591,1136183.96875,4736.91657801545
876,269000,5,2,5,11.166,0,11.166,3334265.21484375,10985.7967324484
877,269100,5,2,5,6.021,0,6.021,1225711.6484375,4589.66057333864
878,269300,5,2,5,3.591,0,3.591,3224514.05078125,7491.17061356665
879,269500,5,2,5,1.808,0,1.808,2036379.69140625,6540.57303335489
880,269601,5,2,10,14.516,0,14.516,487160.85546875,2790.68113850607
881,269602,5,2,10,1.808,0,1.808,424298.27734375,2699.34371529066
882,269700,5,2,10,16.073,0,16.073,1310395.51953125,5437.78877144756
883,269800,5,2,5,18.277,0,18.277,681820.92578125,4429.55263967676
884,269903,5,2,5,15.463,0,15.463,414201.86328125,2839.39761707225
885,269904,5,2,5,28.217,0,28.217,492409.80859375,3322.24963750402
886,269905,5,2,5,23.664,0,23.664,347375.58203125,3063.12083661923
887,269906,5,2,5,10.11,0,10.11,303566.49609375,2748.00074629426
888,269907,5,2,5,13.371,0,13.371,404009.28125,2807.81417668652
889,270100,5,2,5,38.858,0,38.858,833059.43359375,4914.87764811888
890,270200,5,2,10,62.831,4,66.831,1115570.046875,5270.60511354684
891,270300,4,2,10,39.305,0,39.305,1425742.76953125,5033.91563031975
892,271100,5,2,5,37.363,0,37.363,1174224.20703125,5205.34346867663
893,271200,5,2,11,27.38,0,27.38,765523.1875,5036.04707399457
894,271300,5,2,11,19.4,0,19.4,2134679.34375,7127.47153118063
895,271400,5,2,11,6.285,0,6.285,1676448.921875,5340.35042113819
896,271500,5,2,11,1.591,3,4.591,1327992.5625,4809.0084588104
897,271600,5,2,11,4.095,0,4.095,1318714.61328125,4621.68886289151
898,271701,5,2,5,1,0,1,1455261.046875,5083.69812110148
899,271702,5,2,5,37.865,0,37.865,1033836.6171875,4912.13628697652
900,271801,5,2,5,5.616,0,5.616,704488.6015625,3546.39256739807
901,271802,5,2,5,9.302,0,9.302,842617.70703125,3724.4198845424
902,271901,5,2,11,1,0,1,956180.87109375,3938.86848474162
903,271902,5,2,11,0,0,0,1348382.5,4694.0101731186
904,272100,5,2,11,1.808,0,1.808,1749489.046875,5454.44707992046
905,272201,5,2,11,29.767,5,34.767,379253.5390625,2466.54024259258
906,272202,5,2,11,20.999,0,20.999,451528.953125,3233.40551461352
907,272301,5,2,11,4.19,0,4.19,881158.2890625,4687.29616642487
908,272302,5,2,11,1.926,0,1.926,736844.3203125,3889.28786967397
909,273100,5,3,11,53.964,0,53.964,1715090.796875,5691.60416353308
910,273200,5,3,11,110.094,36,146.094,936274.68359375,4236.81293855344
911,273300,5,3,11,232.108,21,253.108,834101.1953125,4135.51455487789
912,273402,5,3,11,202.621,0,202.621,896657.56640625,4232.07319124135
913,273502,5,3,11,121.93,0,121.93,876796.7734375,4022.15054778378
914,273600,5,3,11,71.881,0,71.881,858493.86328125,3961.8846227705
915,273700,5,3,11,8.379,0,8.379,1006947.7265625,4050.92909500202
916,273800,5,2,11,43.029,0,43.029,1081578.1328125,6061.62672069971
917,273902,5,3,11,43.603,71,114.603,1374121.1640625,5167.26776676201
918,274100,5,2,11,30.368,0,30.368,915827.890625,5264.23162274151
919,274202,5,3,11,25.228,0,25.228,1813090.87890625,9340.34747429417
920,275101,5,2,11,18.011,0,18.011,510263.4609375,3788.71114608108
921,275102,5,2,11,28.213,0,28.213,901747.7890625,4479.69123555003
922,275200,5,2,11,3.926,0,3.926,676876.34765625,3874.32711258038
923,275302,5,2,11,21.035,0,21.035,2623460.9140625,6678.8743004983
924,275311,5,2,11,19.801,0,19.801,1884318.1953125,6310.88661750472
925,275400,5,2,11,22.515,0,22.515,1095179.765625,4811.79079923384
926,275500,5,2,11,16.185,0,16.185,1148844.99609375,4331.07234861211
927,275602,5,2,11,26.34,0,26.34,3771300.58984375,10406.7234335188
928,275603,5,2,11,44.497,0,44.497,1499193.44140625,6157.87646371681
929,276000,5,2,11,15.368,0,15.368,3408482.96875,8322.87913797426
930,276100,5,2,11,30.908,0,30.908,1431498.9375,9455.41609502717
931,276400,5,2,11,3.903,0,3.903,1859734.5234375,5967.60952696903
932,276500,5,2,11,5.998,18,23.998,1737284.296875,5657.42224352564
933,276601,5,4,11,14.7,0,14.7,3264169.8828125,8565.5981386729
934,276603,5,4,11,26.66,0,26.66,662529.3828125,3751.32696081192
935,276604,5,4,11,23.47,0,23.47,1221662.28515625,5829.22064236244
936,277000,5,2,11,8.203,0,8.203,3351058.171875,8047.67563624118
937,277100,5,2,11,36.468,0,36.468,1802466.5390625,5787.88651252632
938,277200,5,2,11,32.841,0,32.841,1517980.78125,5574.57692380539
939,277400,5,2,11,420.677,0,420.677,930873.36328125,3840.37327559705
940,278001,5,2,11,35.886,0,35.886,2353030.5703125,9316.92554737122
941,278102,5,4,11,13.426,0,13.426,2655853.51171875,11222.8065842278
942,291110,8,2,15,5.442,0,5.442,1035676.30859375,4264.96452332425
943,291120,8,2,15,25.996,0,25.996,1020687.6015625,4037.90186558548
944,291130,8,2,15,5.19,0,5.19,1879507.296875,5828.8344099786
945,291210,8,2,15,7.946,0,7.946,1807901.81640625,5774.76407043606
946,291220,8,2,15,8.368,0,8.368,1190772.4296875,4531.32592122143
947,291300,8,2,15,65.119,0,65.119,3495118.62890625,11556.4238240507
948,292000,8,4,15,20.662,0,20.662,5815011.61328125,11781.1102985636
949,293201,8,4,15,10.463,0,10.463,1555481.08984375,5132.78279556898
950,293202,8,4,15,14.585,0,14.585,1528682.390625,5259.98919649351
951,293301,8,4,15,0,0,0,1227131.390625,5251.88938187741
952,293302,8,4,15,0,0,0,1625202.9921875,5639.6995525621
953,293304,8,4,15,28.972,0,28.972,826696.48828125,3646.51611408069
954,293306,8,4,15,0,0,0,912269.1171875,4256.82001683921
955,293307,8,4,15,10.953,0,10.953,489811.34765625,3369.83919915637
956,294110,8,4,15,1,0,1,1439062.453125,6163.96103418538
957,294120,8,4,15,23.622,0,23.622,2266146.3125,6280.57885343053
958,294200,8,4,15,13,0,13,1384592.8515625,4735.24008030004
959,294301,8,4,15,12.205,0,12.205,1035122.00390625,4286.74402261211
960,294302,8,4,15,10.19,0,10.19,1219603.04296875,5376.52536864133
961,294410,8,4,15,42.677,0,42.677,1210388.84765625,4623.42775253116
962,294421,8,4,15,27.778,0,27.778,964719.54296875,6041.87769519411
963,294510,8,4,15,14.653,0,14.653,752172.1953125,3615.62701094024
964,294520,8,4,15,37.301,0,37.301,702609.1328125,3500.5890686402
965,294610,8,4,15,8.998,0,8.998,1195716.9375,4389.41189027006
966,294620,8,4,15,68.377,0,68.377,1221541.828125,4656.6514011292
967,294701,8,4,15,62.127,40,102.127,2542319.3828125,7282.00752616819
968,294810,8,4,15,24.708,0,24.708,465056.81640625,2779.33176760535
969,294820,8,4,15,26.143,0,26.143,556517.73828125,3012.53086013236
970,294830,8,4,15,93.602,0,93.602,1285383.21484375,5025.82452418048
971,294900,8,4,15,3.095,0,3.095,935254.84765625,5004.03252890282
972,295103,8,4,15,24.693,0,24.693,2985391.98828125,9373.08549380893
973,296210,8,4,15,13.77,0,13.77,811362.17578125,3525.0489910643
974,296220,8,4,15,41.12,0,41.12,777680.828125,3522.067194357
975,296300,8,4,15,43.492,0,43.492,1541193.296875,6250.49412876471
976,296401,8,4,15,1.808,0,1.808,1432523.6875,5223.40263908298
977,296402,8,4,15,9.379,0,9.379,1515518.83203125,6250.49826614375
978,296500,8,4,15,15.75,0,15.75,1316937.1796875,5088.78527425152
979,296600,8,4,15,54.578,119,173.578,1220702.3984375,4504.14747026528
980,296901,8,4,15,0,0,0,894839.0625,4162.41708406769
981,296902,8,4,15,19.393,59,78.393,711390.578125,4393.72226955767
982,297000,8,4,15,0,0,0,2095106.9921875,6906.9640715042
983,297110,8,4,15,88.264,0,88.264,706695.81640625,3362.75038140226
984,297120,8,4,15,21.575,0,21.575,642039.5234375,3756.54942619447
985,297201,8,4,15,4,0,4,585484.38671875,3038.63517448498
986,297202,8,4,15,0,0,0,834517.46484375,3663.85041134857
987,297300,8,4,15,0,0,0,1769737.984375,6933.97399707004
988,297400,8,4,15,4.591,0,4.591,3034986.72265625,7964.44347824347
989,297500,8,4,15,8.379,0,8.379,2946246.17578125,7959.71962956522
990,297601,8,4,15,5.19,0,5.19,1074867.3046875,7409.98735312419
991,297602,8,4,15,1.808,0,1.808,901419.80078125,4520.897187911
992,609900,8,4,15,23.223,0,23.223,784876.26953125,5167.81396423839
993,702901,5,4,11,30.598,0,30.598,5487022.59765625,9556.63484806839
994,930401,2,3,3,2,0,2,2036570.8125,6849.16300588272
995,980008,2,3,6,4.19,0,4.19,4938960.5078125,12490.9147641263
996,980009,4,3,4,69.054,0,69.054,31123927.1914063,29918.3878394001
997,980010,4,1,1,1,0,1,5598769.74609375,13482.8748526683
998,980014,8,4,15,148.844,0,148.844,9943247.95703125,27229.2250439237
999,980015,8,4,15,23.57,0,23.57,7978776.60546875,13057.6372886029
1000,980019,5,3,11,0,0,0,64560521.1796875,57122.9011717277
1001,980020,2,5,7,0,0,0,12512873.4570313,22316.7573811516
1002,980021,2,3,7,62.676,0,62.676,10189503.2539063,18971.0759103883
1003,980022,2,5,12,0,0,0,9232445.46484375,15015.984863976
1004,980023,2,5,12,0,0,0,7653904.03125,14711.1587505397
