<?xml version="1.0" encoding="UTF-8"?><metadata>
<idinfo>
<descript>
<abstract>Data Prepared by Los Angeles Homeless Services AuthoritySeptember 5  2018Components of the Homeless CountStreet Count (all census tracts): Captures a point in time estimate of the unsheltered population.Shelter Count (from Homeless Management Integration System): Captures the homeless population in emergency shelters, transitional housing, safe havens and vouchered motels/hotels.Youth Count (sample census tracts): Collaborative process with youth stakeholders to better understand and identify homeless youth.Demographic Survey (sample census tracts): Captures the demographic characteristics of the unsheltered homeless population.NotesStreet Count data includes homeless persons found outside, including persons found residing in cars, vans, campers/RVs, tents and makeshift shelters. The following conversion factors were used to estimate the number of persons living in cars, vans, campers/RVs, tents and makeshift shelters if enumerators encountered homeless persons living in these environments. Individuals: Cars = 1.54, Vans = 1.62, RV's = 1.76, Tents = 1.52 and Makeshift Shelters = 1.67. Family Members: Cars = 2.96, Vans = 2.43, RV's = 3.45, Tents = 2.75 and Makeshift Shelters = 2.42. Demographic survey interviews conducted with 4,934 homeless persons from December 2017 to March 2018 determined these conversion factors for the average number of homeless persons in cars, vans, campers/RVs, tents and makeshift shelters. Please visit https://www.lahsa.org/homeless-count/home to view and download data.Last updated 9/5/2018</abstract>
<purpose>Results from the 2018 Homeless Count by Census Tract.</purpose>
</descript>
<keywords>
<theme>
<themekt>None</themekt>
<themekey>hc2018</themekey>
<themekey>Homeless Count</themekey>
<themekey>lahsa</themekey>
</theme>
</keywords>
<accconst>None</accconst>
<useconst>LAHSA does not recommend aggregating census tract-level data to calculate numbers for other geographic levels. Due to rounding, the census tract-level data may not add up to the total for Los Angeles City Council District, Supervisorial District, Service Planning Area, or the Los Angeles Continuum of Care. The Los Angeles Continuum of Care does not include the Cities of Long Beach, Glendale, and Pasadena and will not equal the countywide Homeless Count Total.</useconst>
<datacred/>
</idinfo>
<metainfo>
<metstdn>FGDC Content Standard for Digital Geospatial Metadata</metstdn>
<metstdv>FGDC-STD-001-1998</metstdv>
<mettc>local time</mettc>
</metainfo>
</metadata>
